Date,Close,High,Low,Open,Volume
,AAPL,AAPL,AAPL,AAPL,AAPL
2015-01-02,24.26104164123535,24.729264560959393,23.821665961295437,24.71816855711262,212818400
2015-01-05,23.577571868896484,24.110147948537623,23.391171172179064,24.03026145194082,257142000
2015-01-06,23.579795837402344,23.839426153600677,23.21808699514755,23.641929414645055,263188400
2015-01-07,23.910429000854492,24.010286263792274,23.67742646331634,23.788379730141653,160423600
2015-01-08,24.829130172729492,24.886826364711517,24.12124755318299,24.238859477265255,237458000
2015-01-09,24.855754852294922,25.130918519212265,24.456322357565924,25.002212305020397,214798000
2015-01-12,24.243295669555664,24.993339356300723,24.1434383783279,24.98668242928727,198603200
2015-01-13,24.45854377746582,25.03106316625113,24.16784669635183,24.72705053894741,268367600
2015-01-14,24.36534309387207,24.51845748240021,24.076863863464137,24.196693619494532,195826400
2015-01-15,23.704057693481445,24.42303444417386,23.668553525712902,24.409720592887236,240056000
2015-01-16,23.51987648010254,23.87270880076629,23.34457008962357,23.75065951213766,314053200
2015-01-20,24.125682830810547,24.181159473930325,23.633049969024885,23.930403963500748,199599600
2015-01-21,24.309871673583984,24.644949461502033,24.02582976879324,24.176726342926706,194303600
2015-01-22,24.942306518554688,24.957839915536972,24.34759665935487,24.46742644736677,215185600
2015-01-23,25.07100486755371,25.24187218046509,24.749239327247817,24.92010833317196,185859200
2015-01-26,25.097627639770508,25.377230335323713,25.03105669807565,25.239647680334453,222460000
2015-01-27,24.21888542175293,24.96005432265318,24.194475561084744,24.946738775825928,382274800
2015-01-28,25.58804702758789,26.211605664482956,25.58804702758789,26.102870222038018,585908400
2015-01-29,26.38469696044922,26.449050082200664,25.64352798321976,25.812177485292057,337745600
2015-01-30,25.998573303222656,26.62878711906101,25.92978111858312,26.27373696274273,334982000
2015-02-02,26.324779510498047,26.44460927839695,25.758918692823972,26.19607496839598,250956400
2015-02-03,26.329221725463867,26.426859490440915,26.09843862940438,26.295935392693256,207662800
2015-02-04,26.531152725219727,26.74196501238614,26.25376947343209,26.295932269467976,280598800
2015-02-05,26.720516204833984,26.78512329175272,26.56679583596891,26.738337501467665,168984800
2015-02-06,26.49550437927246,26.78957700691149,26.38856810572445,26.73833631965643,174826400
2015-02-09,26.671497344970703,26.698230133283793,26.384107972746513,26.41084246075367,155559200
2015-02-10,27.183900833129883,27.212863625618194,26.769527237525242,26.7717538371825,248034000
2015-02-11,27.821062088012695,27.829973586883128,27.290840652931514,27.350991145688674,294247200
2015-02-12,28.17305564880371,28.400294596598293,27.974779494181742,28.08394236927043,297898000
2015-02-13,28.311185836791992,28.355741633824508,27.99260695889488,28.355741633824508,217088800
2015-02-17,28.4782657623291,28.71218788961449,28.27553302538919,28.402518885994155,252609600
2015-02-18,28.676551818847656,28.68991821942023,28.393617208965704,28.433718110378308,179566800
2015-02-19,28.61639976501465,28.74561397020135,28.58966696373112,28.62308296533553,149449600
2015-02-20,28.85031509399414,28.85031509399414,28.527281357761577,28.65426553296407,195793600
2015-02-23,29.630064010620117,29.630064010620117,28.88597148966571,28.966173302662547,283896400
2015-02-24,29.44515037536621,29.763730985600972,29.222367967987132,29.616693780877235,276912400
2015-02-25,28.692142486572266,29.318163857396602,28.549561893076035,29.309250658146496,298846800
2015-02-26,29.055273056030273,29.15552443150277,28.206472864633636,28.6921367455127,365150000
2015-02-27,28.618623733520508,29.088694653566876,28.569611341903233,28.96170707545237,248059200
2015-03-02,28.75897789001465,29.02408947783968,28.58298129776372,28.79462388824429,192386800
2015-03-03,28.819124221801758,28.854770212776685,28.53618969244507,28.73001264375324,151265200
2015-03-04,28.636442184448242,28.863681136539967,28.587433194182317,28.7612031577263,126665200
2015-03-05,28.161916732788086,28.68322659841273,28.017107870216446,28.645354008112353,226068400
2015-03-06,28.204248428344727,28.821354861270127,28.128503236447628,28.60525568485425,291368400
2015-03-09,28.324546813964844,28.865909672478804,27.861159134873525,28.507228266340064,354114000
2015-03-10,27.738636016845703,28.342376093308992,27.580460722985116,28.16192290025722,275426400
2015-03-11,27.232913970947266,27.796553044141444,27.20395287735549,27.7920981450098,275756000
2015-03-12,27.725261688232422,27.825514761609913,27.097015553905447,27.248507613940752,193450800
2015-03-13,27.53367042541504,27.936907643564236,27.308661470752785,27.714125288670893,207309200
2015-03-16,27.83665657043457,27.83665657043457,27.373270530624637,27.598279501504912,143497200
2015-03-17,28.302268981933594,28.364647765853334,27.992601661978895,28.04829724757786,204092400
2015-03-18,28.620849609375,28.774569979250792,28.153007000698736,28.293359273393268,261083600
2015-03-19,28.404752731323242,28.79462188645905,28.382474833825835,28.68323069927739,183238000
2015-03-20,28.048301696777344,28.60525594142023,27.883443213167936,28.5718399445157,274780400
2015-03-23,28.34014320373535,28.482723775101412,28.186422834730436,28.32009360761879,150838800
2015-03-24,28.22429847717285,28.525052631476665,28.195335681803996,28.344601158711114,131369200
2015-03-25,27.486881256103516,28.25325295923646,27.486881256103516,28.19087418334316,206620800
2015-03-26,27.678478240966797,27.821058806687994,27.313115328844432,27.34876132012194,190291600
2015-03-27,27.457921981811523,27.780955678190416,27.382176805990813,27.75199458738149,158184800
2015-03-30,28.153003692626953,28.15968689058504,27.625008957912392,27.636148754305395,188398800
2015-03-31,27.72081184387207,28.17974300661866,27.70521714512907,28.09062971393237,168362400
2015-04-01,27.680707931518555,27.874529194518605,27.424507880342258,27.807693807361485,162485600
2015-04-02,27.919084548950195,27.972551838021896,27.66734110069705,27.85447746229525,128880400
2015-04-06,28.371335983276367,28.406981980219054,27.698533938082665,27.729723335560173,148776000
2015-04-07,28.07280158996582,28.54287073770371,28.066118392085766,28.43593617223431,140049200
2015-04-08,27.98146629333496,28.159692875335587,27.84111400730336,28.037161887748322,149316800
2015-04-09,28.19533920288086,28.199795802583953,27.77205401460501,28.03716390731661,129936000
2015-04-10,28.315637588500977,28.340143784052685,27.905718862353325,28.059437534811437,160752000
2015-04-13,28.25994300842285,28.643130652588724,28.206475716078707,28.598571459528543,145460400
2015-04-14,28.137407302856445,28.35796132066138,28.050522335245585,28.293354244800504,102098400
2015-04-15,28.24435043334961,28.322323927981227,28.072808745160057,28.16192203889392,115881600
2015-04-16,28.108449935913086,28.315637598572906,28.095083538223587,28.132956131473513,113476000
2015-04-17,27.792102813720703,28.10177019607035,27.72749571744488,27.970329403426064,207828000
2015-04-20,28.42702293395996,28.542868989405086,27.885661842809387,27.974775108371727,188217200
2015-04-21,28.273313522338867,28.560701305556105,28.219844525731023,28.53842510651159,129740400
2015-04-22,28.65427017211914,28.70996577012086,28.141871690320198,28.29113548503806,150618000
2015-04-23,28.8881893157959,29.055276092172793,28.547332563938166,28.582978558751968,183083600
2015-04-24,29.02409553527832,29.102070747755697,28.790173297236393,29.07088134264279,178103600
2015-04-27,29.552080154418945,29.659018140062884,29.21790659790736,29.47633496412973,387816800
2015-04-28,29.086462020874023,29.97313478999959,28.86590967795397,29.955315194105836,475696000
2015-04-29,28.658721923828125,29.315929189196144,28.582976739212466,28.997352054224365,253544400
2015-04-30,27.881210327148438,28.658720221632425,27.75422446071584,28.658720221632425,332781600
2015-05-01,28.7277889251709,28.99067391684693,27.914634549692686,28.092859444447665,234050400
2015-05-04,28.67209243774414,29.088697811721758,28.574067643867057,28.850319026667076,203953200
2015-05-05,28.026018142700195,28.616389964792756,28.021561544215924,28.54955458508318,197085600
2015-05-06,27.850021362304688,28.237662165826453,27.48243015393493,28.19533297646857,288564000
2015-05-07,28.02228546142578,28.2057300178266,27.744880165955735,27.912664883644084,175763600
2015-05-08,28.550249099731445,28.550249099731445,28.212442045957022,28.33995836725281,222201600
2015-05-11,28.259416580200195,28.536820128929442,28.10505411598105,28.498789341360546,168143200
2015-05-12,28.15875244140625,28.38470131456575,27.923853137743748,28.09834898307268,192640000
2015-05-13,28.190065383911133,28.45404669644201,28.158745711813754,28.221385056008515,138776800
2015-05-14,28.847787857055664,28.847787857055664,28.447343128044622,28.503271372596334,180814000
2015-05-15,28.80751609802246,28.968589687117905,28.682237398412347,28.874630662410322,152832000
2015-05-18,29.125186920166016,29.243754500049338,28.715791848392346,28.720267062799756,203531600
2015-05-19,29.098344802856445,29.279551744674187,29.00214646009091,29.237045738353743,178532800
2015-05-20,29.096105575561523,29.301921078832592,28.935031979333957,29.08268334480734,145819600
2015-05-21,29.393640518188477,29.447332848055485,29.044648908023593,29.0983412378906,158921600
2015-05-22,29.650901794433594,29.74710010199836,29.39586926342081,29.44061456754625,182384000
2015-05-26,28.99766731262207,29.733684723786734,28.885810853723097,29.664334265443486,282790400
2015-05-27,29.53905487060547,29.58827199011764,29.093868308093384,29.158743558220227,183332800
2015-05-28,29.480892181396484,29.518922973141333,29.328769014417098,29.498789626968538,122933200
2015-05-29,29.14533042907715,29.40707423898533,29.06031839363036,29.357857104104514,203538000
2015-06-01,29.20348358154297,29.393640932277773,29.09386643353744,29.14531945022551,128451200
2015-06-02,29.073741912841797,29.230340324365258,28.930565734650436,29.05136924822872,134670400
2015-06-03,29.109525680541992,29.292971923689176,29.060308562311693,29.23033257568488,123934000
2015-06-04,28.93950080871582,29.212430819125444,28.83883068668327,28.9887179196807,153800400
2015-06-05,28.780668258666992,29.013331627012427,28.715793008286923,28.970825622396134,142507200
2015-06-08,28.590518951416016,28.905955066130172,28.37351709209542,28.836601176310815,210699200
2015-06-09,28.505502700805664,28.65315406199824,28.102820428705932,28.34442910924805,224301600
2015-06-10,28.832124710083008,28.9350307505541,28.601698948890817,28.617358786370456,156349200
2015-06-11,28.767242431640625,29.122945141183692,28.742633874865362,28.899232229986072,141563600
2015-06-12,28.449581146240234,28.709089039534955,28.43615891272316,28.677769356798656,147544800
2015-06-15,28.39364242553711,28.465230489216605,28.122950006411706,28.210197905683774,175955600
2015-06-16,28.545764923095703,28.601693146576217,28.270599019376174,28.418248641831887,125976400
2015-06-17,28.478656768798828,28.608408971477548,28.3533763669517,28.572615790088516,131672400
2015-06-18,28.608409881591797,28.704606513151777,28.460760230124308,28.462997837405496,141628800
2015-06-19,28.322059631347656,28.594989708279165,28.277317723271246,28.570381146798823,218867600
2015-06-22,28.548009872436523,28.648680017876067,28.42944228124948,28.521163703815272,136157200
2015-06-23,28.418254852294922,28.548008768756393,28.384697569514294,28.51892670063681,121075600
2015-06-24,28.65986442565918,29.037939834440518,28.43838909647216,28.458522441491773,221123600
2015-06-25,28.52340316772461,28.903714527243146,28.52340316772461,28.82765293805723,127752400
2015-06-26,28.355623245239258,28.633026892181665,28.30193260220406,28.56143879920315,176267200
2015-06-29,27.858972549438477,28.292976205511472,27.84778792635272,28.067025654929786,196645600
2015-06-30,28.06031036376953,28.21467281781171,27.932794073367663,28.09163003461953,177482800
2015-07-01,28.322059631347656,28.39812292323082,28.185594592881902,28.389174200256658,120955200
2015-07-02,28.286266326904297,28.342194565161037,28.136377351212495,28.2840287194716,108844000
2015-07-06,28.187828063964844,28.239282786817057,27.93055786329205,27.950692913727835,112241600
2015-07-07,28.11847496032715,28.22138268956001,27.688944894962802,28.163216857630488,187787200
2015-07-08,27.420494079589844,27.88357978178453,27.413782964699145,27.84778660010273,243046400
2015-07-09,26.86121368408203,27.75382787155724,26.671058019032134,27.70684835714216,314380000
2015-07-10,27.579326629638672,27.706842917098204,27.11624098499153,27.279552156478864,245418000
2015-07-13,28.11176872253418,28.134139675066198,27.81199249686344,27.970828478673333,165762000
2015-07-14,28.100584030151367,28.27060635153076,27.973067715815414,28.196780667758794,127072400
2015-07-15,28.371273040771484,28.445098715549413,28.093869492059643,28.125189164972554,134596800
2015-07-16,28.74934196472168,28.7627676053952,28.489835902565048,28.57708379221023,144889600
2015-07-17,28.99766731262207,28.997667312622074,28.704603936480872,28.876863838989998,184658800
2015-07-20,29.54576873779297,29.747109012316272,29.239279697949044,29.299683145741415,235600800
2015-07-21,29.250465393066406,29.735922038142906,29.154270472361155,29.720263908218314,307025600
2015-07-22,28.013330459594727,28.075969800404998,27.290737019718435,27.290737019718435,461802400
2015-07-23,27.999910354614258,28.43167465891091,27.97753769680489,28.232570293325455,203998000
2015-07-24,27.852256774902344,28.12966030021993,27.718029372767642,28.03570128940504,168649200
2015-07-27,27.465240478515625,27.653160260182386,27.31982841396688,27.536828560389985,177822000
2015-07-28,27.601694107055664,27.720263365388778,27.416013716596595,27.601694107055664,134472400
2015-07-29,27.514461517333984,27.62855562575583,27.353387883513673,27.550256416758387,148046800
2015-07-30,27.375755310058594,27.420497218981932,27.22810393838161,27.364568979430548,134513200
2015-07-31,27.13637924194336,27.436153750541678,27.049131335303894,27.427205028476834,171540000
2015-08-03,26.496564865112305,27.42049882207133,26.290747634366717,27.181126011068677,279904000
2015-08-04,25.64645004272461,26.331011059255985,25.33548920797381,26.268371712226212,496554400
2015-08-05,25.816478729248047,26.272853422029552,25.078225198349664,25.2683808936433,397250400
2015-08-06,25.87265396118164,26.180528605790244,25.64568237253006,26.061424329374656,211612000
2015-08-07,25.960298538208008,26.12434896783575,25.73107919842747,25.749057656513823,154681600
2015-08-10,26.904144287109375,26.964819433852004,26.18726920287338,26.18726920287338,219806400
2015-08-11,25.50410270690918,26.558066106440315,25.46814750972999,26.474917034026074,388331200
2015-08-12,25.897371292114258,25.937821958742536,24.636660849139336,25.288365271697256,404870000
2015-08-13,25.877147674560547,26.158054614765245,25.740064950579065,26.0771532788247,194143200
2015-08-14,26.059181213378906,26.13783483301962,25.620966965008986,25.69063135461643,171718000
2015-08-17,26.328847885131836,26.438962931358997,25.955802626150042,26.07715463637834,163538800
2015-08-18,26.180532455444336,26.391775068538184,26.070417391276813,26.164801731991833,138242800
2015-08-19,25.845685958862305,26.185020304557398,25.771526115954153,26.090635985139684,193146000
2015-08-20,25.315336227416992,25.69736901700774,25.08611518204649,25.636693866480293,274006400
2015-08-21,23.766969680786133,25.14678413224432,23.742249738290994,24.816437368463376,513102000
2015-08-24,23.17369842529297,24.450139567863424,20.674749789973397,21.319712710431226,648825200
2015-08-25,23.31302833557129,24.969256274672787,23.25909468303851,24.969256274672787,414406400
2015-08-26,24.650146484375,24.695090909216557,23.607420054467756,24.06585867431533,387098400
2015-08-27,25.376012802124023,25.447924921183624,24.724308258728797,25.220953313398102,338464400
2015-08-28,25.45915985107422,25.463653608053637,25.0658901063542,25.207466597226198,212657600
2015-08-31,25.340051651000977,25.737815091118808,25.16925976538462,25.176001257070045,224917200
2015-09-01,24.207433700561523,25.142290988115928,24.126532374823586,24.75351679203276,307383600
2015-09-02,25.24566650390625,25.24566650390625,24.524297721583192,24.77149718879779,247555200
2015-09-03,24.802967071533203,25.34455491926752,24.728807206121328,25.279384284316514,212935600
2015-09-04,24.55575942993164,24.820935640339997,24.384969251005455,24.48834279546704,199985200
2015-09-08,25.238935470581055,25.29511687922505,24.791731937840616,25.11308966386508,219374400
2015-09-09,24.753520965576172,25.623207792112183,24.6681241548325,25.564780380521217,340043200
2015-09-10,25.2973575592041,25.4569125095044,24.697340693739587,24.780488058046473,251571200
2015-09-11,25.665910720825195,25.665910720825195,25.11533368340337,25.12207517711968,199662000
2015-09-14,25.913108825683594,26.268175691174548,25.811982989781118,26.198511302642633,233453600
2015-09-15,26.13109016418457,26.187271559176203,25.71310044828522,26.05243655410031,173364800
2015-09-16,26.160306930541992,26.1895206402109,25.942322832454952,26.124350012930844,148694000
2015-09-17,25.600740432739258,26.17828516726287,25.55579599768322,25.991764218712042,256450400
2015-09-18,25.495113372802734,25.686131464998823,25.140048301112394,25.216454166374902,297141200
2015-09-21,25.890628814697266,25.926585723451588,25.542305262368583,25.544551283275897,200888000
2015-09-22,25.483875274658203,25.659160912564044,25.286115712286712,25.479379803957187,201384800
2015-09-23,25.690628051757812,25.780518626013613,25.461408716199617,25.53556685402956,143026800
2015-09-24,25.843446731567383,25.955809543443763,25.252418958324984,25.45017689000005,200878000
2015-09-25,25.778268814086914,26.223226177832004,25.62320762884666,26.167044787761764,224607600
2015-09-28,25.268138885498047,25.74680364231483,25.268138885498047,25.585000988033183,208436000
2015-09-29,24.50857162475586,25.508601501548267,24.238901609957985,25.355788035957435,293461600
2015-09-30,24.787229537963867,25.06588874762334,24.43441048326375,24.758014118361228,265892000
2015-10-01,24.62542152404785,24.63441075009046,24.115293661877125,24.510811035154056,255716400
2015-10-02,24.805204391479492,24.946782578421423,24.169232418788503,24.272605961044,232079200
2015-10-05,24.895097732543945,25.02768670699786,24.51081722343039,24.692844381821025,208258800
2015-10-06,25.014202117919922,25.11083417955277,24.668124541712046,24.861388664977746,192787200
2015-10-07,24.895097732543945,25.117575561079164,24.58722480682349,25.110834068475068,187062400
2015-10-08,24.60744857788086,24.76250976140156,24.317552402590827,24.76250976140156,247918400
2015-10-09,25.196229934692383,25.232185132071688,24.605200625618203,24.7198111391471,211064400
2015-10-12,25.07937240600586,25.337807145516006,25.043417207593652,25.33331338865947,121868800
2015-10-13,25.122074127197266,25.2703921263182,24.872628582997322,24.904090028705404,132197200
2015-10-14,24.767005920410156,25.061395881021138,24.620933950775356,25.00970995784766,177849600
2015-10-15,25.137798309326172,25.191731957289598,24.829923711267078,24.928803494633158,150694000
2015-10-16,24.95352554321289,25.169261867765638,24.83891503142803,25.119821971916483,156930400
2015-10-19,25.108585357666016,25.113079114080715,24.74452936536228,24.899590536726432,119036800
2015-10-20,25.567026138305664,25.656916704968797,24.90408642388996,25.020942960388066,195871200
2015-10-21,25.564781188964844,25.973781655635417,25.55129648896206,25.6187148454159,167180800
2015-10-22,25.955801010131836,25.955801010131836,25.641184897408078,25.69287252826722,166616400
2015-10-23,26.76032257080078,26.794031750821848,26.142327223655005,26.225474591250833,237467600
2015-10-26,25.906362533569336,26.546830042872955,25.825461194023617,26.535594793476033,265335200
2015-10-27,25.742307662963867,26.189510944439554,25.61646021243576,25.933324002125275,279537600
2015-10-28,26.803022384643555,26.809765593048645,26.081653392127468,26.27716528738747,342205600
2015-10-29,27.086172103881836,27.122129017289605,26.578291846377063,26.67492390801045,204909200
2015-10-30,26.854705810546875,27.241234068084648,26.843468846157037,27.189546432219462,197461200
2015-11-02,27.23224449157715,27.272695162535726,26.879425417196202,27.146849392673488,128813200
2015-11-03,27.54460334777832,27.751350387897233,27.12436606261797,27.144592248346683,182076000
2015-11-04,27.416521072387695,27.825521564067103,27.33112596824193,27.670460363453877,179544400
2015-11-05,27.290132522583008,27.68960036820362,27.123124252036362,27.500021969809346,158210800
2015-11-06,27.321727752685547,27.490993374920475,27.22242642517181,27.33301281624479,132169200
2015-11-09,27.211149215698242,27.49100130978121,27.093792441360044,27.29916722691675,135485600
2015-11-10,26.353527069091797,26.64692149059824,26.193289160128977,26.38286754435777,236511600
2015-11-11,26.2045841217041,26.50023429001817,26.001464962539675,26.26326337254261,180872000
2015-11-12,26.11655616760254,26.36481205794659,26.100758112449522,26.238427616722465,130102400
2015-11-13,25.35373306274414,26.082704449365423,25.33793500653174,25.9991994540376,183249600
2015-11-16,25.76900291442871,25.782543615585908,25.05131648149003,25.137077125251025,152426800
2015-11-17,25.658405303955078,25.9653403565074,25.574900332264438,25.93599988766173,110467600
2015-11-18,26.47089195251465,26.516028772076655,26.066911046555308,26.12559028947335,186698800
2015-11-19,26.807161331176758,27.02607848458693,26.351273332729036,26.54987771550227,173183200
2015-11-20,26.92452049255371,27.064445646040554,26.822960080463307,26.901950364183147,137148400
2015-11-23,26.574703216552734,27.021565225710173,26.48217051474164,26.91774746011661,129930000
2015-11-24,26.829729080200195,26.935802479511832,26.432520324379073,26.47991449222617,171212800
2015-11-25,26.63789176940918,26.908717766125953,26.613066009997006,26.904203052491695,85553200
2015-11-27,26.588239669799805,26.723653526129624,26.54084550882785,26.69657041049192,52185600
2015-11-30,26.698829650878906,26.949342892160754,26.574700847772107,26.628865361010153,156721200
2015-12-01,26.482173919677734,26.81393486397417,26.373844869617187,26.8003941631814,139409600
2015-12-02,26.242937088012695,26.65594554542134,26.197800285590844,26.482165240194064,133546400
2015-12-03,25.99920082092285,26.358044862126114,25.778028022321287,26.303880341101518,166278000
2015-12-04,26.86358642578125,26.913237957888665,25.978891721250324,26.019515545532826,231108000
2015-12-07,26.694316864013672,27.05090352244436,26.588243464948686,26.852299144995612,128336800
2015-12-08,26.68303871154785,26.766541999670007,26.37384616072288,26.522799042312773,137238000
2015-12-09,26.093990325927734,26.561163399170145,25.972118864839405,26.54987833501308,185445600
2015-12-10,26.218114852905273,26.391895181482443,26.069162007412285,26.18877609957485,116850800
2015-12-11,25.54330825805664,26.04207736666678,25.468830978734992,25.996940560819052,187544800
2015-12-14,25.385330200195312,25.430467010460585,24.778230287531414,25.31762326293846,257274800
2015-12-15,24.93621253967285,25.45755185951287,24.904616425968495,25.26346046283807,213292400
2015-12-16,25.12804412841797,25.274741340229046,24.55479942319868,25.067109264176477,224954000
2015-12-17,24.595422744750977,25.333420059237366,24.595422744750977,25.281511180339965,179091200
2015-12-18,23.929643630981445,24.717292467295476,23.87999210904976,24.579624686292426,385813200
2015-12-21,24.22304344177246,24.232071149757175,23.82583289974126,24.21175837632676,190362400
2015-12-22,24.200471878051758,24.311058273195176,24.02443417808636,24.238838340591045,131157600
2015-12-23,24.511917114257812,24.5660816268373,24.193696943903344,24.209494998483144,130629600
2015-12-24,24.381019592285156,24.59993673598354,24.36296417959976,24.59993673598354,54281600
2015-12-28,24.107940673828125,24.304289434927057,23.963500799637803,24.281719305574285,106816800
2015-12-29,24.541261672973633,24.696986620575306,24.11696973397246,24.139538142732025,123724800
2015-12-30,24.220779418945312,24.532227510343315,24.189183310623434,24.505146115700995,100855200
2015-12-31,23.755859375,24.155325368668592,23.656556354758983,24.150812377684204,163649200
2016-01-04,23.77617835998535,23.78069307433639,23.020125560934314,23.15779507703764,270597600
2016-01-05,23.180360794067383,23.88901934137532,23.112655583387454,23.866450937815344,223164000
2016-01-06,22.72673225402832,23.103631715714023,22.5394129236889,22.695136139423642,273829600
2016-01-07,21.767560958862305,22.598091114446778,21.763047966009083,22.270844894024773,324377600
2016-01-08,21.882658004760742,22.36788643447157,21.837521197193666,22.24150199579669,283192000
2016-01-11,22.236988067626953,22.356602161578994,21.968419404094625,22.33629111401381,198957600
2016-01-12,22.559724807739258,22.724477458719484,22.30695415969783,22.692881342946702,196616800
2016-01-13,21.979703903198242,22.8373170301346,21.959392856154345,22.640968299416002,249758400
2016-01-14,22.460416793823242,22.67707828543944,21.607318412322584,22.108344883199806,252680400
2016-01-15,21.9210262298584,22.051925392953642,21.521560112936886,21.711136786226017,319335600
2016-01-19,21.814960479736328,22.264078244149463,21.553162082399982,22.209913711612767,212350800
2016-01-20,21.844295501708984,22.160258377469596,21.083727931282407,21.462883037823314,289337600
2016-01-21,21.73371124267578,22.090296254677575,21.42677604414461,21.90523253690372,208646000
2016-01-22,22.889232635498047,22.89826034480261,22.20088658915535,22.259564116845755,263202000
2016-01-25,22.44236946105957,22.91405559174768,22.390460569397693,22.91179823423387,207178000
2016-01-26,22.566492080688477,22.76735381293576,22.133172504729767,22.552951382020684,300308000
2016-01-27,21.08372688293457,21.808183587259247,21.065671468792498,21.675028782144377,533478800
2016-01-28,21.234935760498047,21.331981453056176,20.851267704445334,21.16723054453172,222715200
2016-01-29,21.96841812133789,21.96841812133789,21.29361304917428,21.392916089762736,257666000
2016-02-01,21.763046264648438,21.826238490808326,21.53058840904926,21.77207397150828,163774000
2016-02-02,21.322954177856445,21.67502610077749,21.27781564808525,21.53509924127507,149428800
2016-02-03,21.7449893951416,21.855575783517853,21.23267954862153,21.440311626920305,183857200
2016-02-04,21.919710159301758,22.085356766465924,21.599764974508048,21.751795677432735,185886800
2016-02-05,21.334278106689453,21.992323642447158,21.259398418078742,21.9015584424802,185672400
2016-02-08,21.55892562866211,21.71549384781649,21.111908379419077,21.13232964362086,216085600
2016-02-09,21.554384231567383,21.76995180866636,21.313857911151835,21.39554642208585,177324800
2016-02-10,21.391006469726562,21.86298413186225,21.352431821787203,21.765411843355377,169374400
2016-02-11,21.261669158935547,21.493120536610025,21.009796517396957,21.282092154002086,200298800
2016-02-12,21.327470779418945,21.443196451353334,21.105097859767017,21.37285424449232,161405600
2016-02-16,21.928789138793945,21.976440480596768,21.468157770164417,21.56119084762643,196231600
2016-02-17,22.264623641967773,22.285044907114546,21.817606372039087,21.935599943470816,179452800
2016-02-18,21.842565536499023,22.439343908551155,21.803989152648878,22.4279976077948,156084000
2016-02-19,21.792646408081055,21.95602345792064,21.738187968535385,21.783569712956346,141496800
2016-02-22,21.98324966430664,21.987788877026798,21.76541419620413,21.8539098010207,137123200
2016-02-23,21.486309051513672,21.897019431952153,21.45454149342462,21.874328566345984,127770400
2016-02-24,21.806255340576172,21.86979045996581,21.17543989634739,21.325202733081966,145022800
2016-02-25,21.95602035522461,21.95602035522461,21.613382520297414,21.794912934733603,110330800
2016-02-26,21.990062713623047,22.241933669567196,21.915181270157163,22.055865729902195,115964400
2016-02-29,21.940135955810547,22.289580868475824,21.931059262224167,21.97871060515094,140865200
2016-03-01,22.811481475830078,22.86593991500341,22.1057844483328,22.157975012142394,201628400
2016-03-02,22.861398696899414,22.89316625882572,22.609526076482055,22.806940266626068,132678400
2016-03-03,23.031583786010742,23.07923513092717,22.79332533022624,22.822825018414285,147822800
2016-03-04,23.374216079711914,23.542130550225167,23.002080371438247,23.228992473127164,184220400
2016-03-07,23.115537643432617,23.333373064817575,22.90904678901025,23.233531180815373,143315600
2016-03-08,22.9249324798584,23.09057909838733,22.781978459551485,22.868204446707725,126247600
2016-03-09,22.945354461669922,23.049733830326787,22.752477772488778,22.9884665877486,108806800
2016-03-10,22.956697463989258,23.19949334938229,22.725247876434086,23.011157616168585,134054400
2016-03-11,23.204038619995117,23.208576101593884,23.03158488880042,23.19949940719391,109632800
2016-03-14,23.263031005859375,23.351528330026163,23.095116512952448,23.124616198075437,100304400
2016-03-15,23.7304744720459,23.866621423892376,23.5648278309777,23.5897883074565,160270800
2016-03-16,24.04587745666504,24.12302674592102,23.73273762539715,23.73727683723696,153214000
2016-03-17,24.00729751586914,24.15932818612431,23.816690478294106,23.943760682543,137682800
2016-03-18,24.034530639648438,24.166140080929782,23.868885766313326,24.12983331180305,176820800
2016-03-21,24.03226661682129,24.427093272745285,23.857543291998166,24.036804098088368,142010800
2016-03-22,24.216064453125,24.345404306856626,23.873426628564893,23.882503322132305,129777600
2016-03-23,24.082183837890625,24.295481794998434,24.029995017237972,24.161604468696073,102814000
2016-03-24,23.97780418395996,24.109413633873384,23.800813000863634,23.932422450777057,104532000
2016-03-28,23.868892669677734,24.095804848741267,23.839392978429853,24.052690980734383,77645600
2016-03-29,24.433902740478516,24.458863217884776,23.79854796665052,23.800817573106315,124760400
2016-03-30,24.860488891601562,25.055633434289064,24.642653485364754,24.653999782740367,182404400
2016-03-31,24.731155395507812,24.937646288426613,24.70619491985384,24.896802031102144,103553600
2016-04-01,24.95806312561035,24.960332731504337,24.551890230689807,24.683499673308052,103496000
2016-04-04,25.214479446411133,25.457275384549654,25.021602728478562,25.05563989818445,149424800
2016-04-05,24.917224884033203,25.12598539656865,24.82872927605069,24.849152271617218,106314800
2016-04-06,25.17817497253418,25.182714185551262,24.778809055954554,25.012530052663656,105616400
2016-04-07,24.62904167175293,25.05563583341364,24.533738996999272,24.94898686019794,127207600
2016-04-08,24.65627670288086,24.908147613559613,24.545088495461375,24.713004744183785,94326800
2016-04-11,24.737958908081055,25.098750084172945,24.694846781893023,24.72661434064299,117630000
2016-04-12,25.060176849365234,25.073791023538107,24.656273524349466,24.810572114847886,108929200
2016-04-13,25.42323875427246,25.49131136392623,25.141868159058266,25.141868159058266,133029200
2016-04-14,25.43684959411621,25.502654319993418,25.262128014595618,25.327932740472825,101895600
2016-04-15,24.926294326782227,25.482230021387846,24.89906598221837,25.439116167559117,187756000
2016-04-18,24.388519287109375,24.72207870219888,24.265986515132624,24.70846452682447,243286000
2016-04-19,24.25917625427246,24.50650964096817,24.104875939136797,24.47927956257877,129539600
2016-04-20,24.309101104736328,24.52693658875764,24.066305142537335,24.197914621801004,122444000
2016-04-21,24.04587745666504,24.263712882519787,23.943765964694265,24.263712882519787,126210000
2016-04-22,23.980073928833008,24.16160432502004,23.739547625407024,23.82804321746761,134732400
2016-04-25,23.84392738342285,23.97326723015994,23.71458753668576,23.82577399726974,112126400
2016-04-26,23.67828369140625,23.89385128341724,23.57844351762662,23.57844351762662,224064800
2016-04-27,22.196542739868164,22.398494381172796,21.710950958393884,21.783562765029234,458408400
2016-04-28,21.518075942993164,22.210156844152678,21.386466502871624,22.148891335793763,328970800
2016-04-29,21.27074432373047,21.493118991073924,20.991643350442775,21.32747236087701,274126000
2016-05-02,21.24805450439453,21.347896408687625,20.966683910989545,21.32293593261435,192640400
2016-05-03,21.597501754760742,21.724572023888832,21.25713347856544,21.375127052584013,227325200
2016-05-04,21.37285614013672,21.760875712117674,21.28889802070602,21.602036167076005,164102000
2016-05-05,21.28609848022461,21.475582619214084,21.158254599336406,21.459602134103058,143562000
2016-05-06,21.167387008666992,21.334040393870385,20.96877091081266,21.31577822602421,174799600
2016-05-09,21.18337059020996,21.407097419269714,21.13771080956534,21.23131205357991,131745600
2016-05-10,21.327192306518555,21.361436702273146,21.02812818319591,21.30664671411119,134747200
2016-05-11,21.119449615478516,21.361440367984223,21.10803423435395,21.34089477205115,114876400
2016-05-12,20.624038696289062,21.18107552173219,20.42542442033373,21.167378465939844,305258800
2016-05-13,20.665145874023438,20.92768398901416,20.54643391112598,20.54643391112598,177571200
2016-05-16,21.432207107543945,21.54863735603954,20.92311324644655,21.092050058754257,245039200
2016-05-17,21.343170166015625,21.619405238758432,21.23359020317559,21.585162588959736,187667600
2016-05-18,21.587448120117188,21.73583934875711,21.43449178460419,21.49613204871639,168249600
2016-05-19,21.50527000427246,21.60571980906576,21.361445572471816,21.60571980906576,121768400
2016-05-20,21.738130569458008,21.78607204666039,21.578323903707023,21.60571977999826,128104000
2016-05-23,22.014360427856445,22.187864118616265,21.840856737096626,21.886516519792693,152074400
2016-05-24,22.349958419799805,22.393333047810582,22.1079658609943,22.194718600502025,140560800
2016-05-25,22.74261474609375,22.770008870229137,22.39789083620361,22.525734726815106,152675200
2016-05-26,22.9229736328125,22.99602755472697,22.518892766486445,22.7563184481442,225324800
2016-05-27,22.90926742553711,22.936663290560023,22.658144758925193,22.701521109775893,145364800
2016-05-31,22.797407150268555,22.920685947159715,22.559981512745864,22.73805030545224,169228800
2016-06-01,22.477794647216797,22.72435223001992,22.44811709700146,22.60563854567361,116693200
2016-06-02,22.30885887145996,22.336252998569663,22.060017852510565,22.28146300260769,160766400
2016-06-03,22.35451889038086,22.434421337762906,22.24722057172094,22.324841336136874,114019600
2016-06-06,22.516603469848633,23.260841302723733,22.270047636271595,22.3704956641206,93170000
2016-06-07,22.60792350769043,22.799691110160698,22.59194301929646,22.658148397426515,89638000
2016-06-08,22.587379455566406,22.728920436230982,22.528022605299768,22.605641628019992,83392400
2016-06-09,22.749465942382812,22.827084958849852,22.477795901263008,22.48692785762547,106405600
2016-06-10,22.562267303466797,22.68097926380679,22.48236485499346,22.49377849520808,126851600
2016-06-13,22.222103118896484,22.628467280129144,22.167313130426706,22.530300940677026,152082000
2016-06-14,22.24950408935547,22.482364641833097,22.087415769205567,22.217543110269162,127727600
2016-06-15,22.17644500732422,22.466378918012488,22.15133256650107,22.331684758893555,117780800
2016-06-16,22.270050048828125,22.315708089910945,21.93217462289034,22.01892559764475,125307200
2016-06-17,21.76323699951172,22.064584588371037,21.756388467769415,22.05773605662873,244032800
2016-06-20,21.710729598999023,22.046321602416025,21.694749110347864,21.916194268615826,137647600
2016-06-21,21.89565086364746,21.99609891304557,21.614848830113893,21.674205683219235,142185600
2016-06-22,21.813459396362305,22.11937205752693,21.767799620391372,21.973264257904667,116876400
2016-06-23,21.939022064208984,21.9823984203011,21.74497278663997,21.902495981507098,128960800
2016-06-24,21.322633743286133,21.6102843174583,21.151413453712223,21.21077030845251,301245600
2016-06-27,21.012149810791016,21.242726907538014,20.888871018720614,21.23131152722423,181958400
2016-06-28,21.366004943847656,21.38198717372149,21.034979800381937,21.208483487051712,161779600
2016-06-29,21.550922393798828,21.585166792007673,21.37513529580657,21.452756047862778,146124000
2016-06-30,21.824878692626953,21.863688205957693,21.528097909709587,21.560058890304642,143345600
2016-07-01,21.891080856323242,22.023491608865225,21.763236952761357,21.79976303588937,104106000
2016-07-05,21.685611724853516,21.779212950479643,21.56461637796487,21.776929526460368,110820800
2016-07-06,21.808895111083984,21.838574404388872,21.544075346297866,21.596581917657563,123796400
2016-07-07,21.902496337890625,22.030340242041223,21.82944242955563,21.847704600332456,100558400
2016-07-08,22.07143211364746,22.119373575400004,21.927607728389834,22.028055758934098,115648400
2016-07-11,22.139917373657227,22.292873690294538,22.082843965203704,22.087409071513417,95179600
2016-07-12,22.240367889404297,22.304289835382445,22.171880836603023,22.183294474532037,96670000
2016-07-13,22.114805221557617,22.297439085933405,22.107954949390855,22.238083994425942,103568800
2016-07-14,22.553129196166992,22.598787228060342,22.217537262349833,22.233517747686733,155676000
2016-07-15,22.550846099853516,22.669559771289507,22.486924157576734,22.582807070991908,120548000
2016-07-18,22.790557861328125,22.85904491838613,22.50975587633705,22.532584895356383,145975600
2016-07-19,22.7996883392334,22.829365887860355,22.67869123696413,22.728916120596207,95119600
2016-07-20,22.820234298706055,22.93438112997714,22.77000941426799,22.829366254216833,105104000
2016-07-21,22.69923973083496,23.05766072390316,22.63075093297786,22.790557547396936,130808000
2016-07-22,22.523462295532227,22.669570156740896,22.443558089338,22.660438197697466,113254800
2016-07-25,22.222103118896484,22.564543594881684,22.126220203638788,22.42985117703049,161531600
2016-07-26,22.06915283203125,22.365935355821208,22.012079403744163,22.10339723735206,224959200
2016-07-27,23.502824783325195,23.82243616297062,23.457166761265235,23.804172257449878,369379200
2016-07-28,23.820161819458008,23.84527426368628,23.473156190996754,23.47543961549275,159479200
2016-07-29,23.790481567382812,23.868102315752434,23.66948620896834,23.785916460651592,110934800
2016-08-01,24.21054458618164,24.233373605008516,23.836143103844897,23.836143103844897,152671600
2016-08-02,23.85212516784668,24.215111293892473,23.742543431794726,24.210546186522336,135266400
2016-08-03,24.15118980407715,24.162603443592992,23.918329263648154,23.927461220306412,120810400
2016-08-04,24.300384521484375,24.330222843604336,24.164960672402692,24.23382049412938,109634800
2016-08-05,24.66992950439453,24.708949254234224,24.371539267692942,24.392196164251107,162213600
2016-08-08,24.87421417236328,24.87421417236328,24.596482552793994,24.67911189930986,112148800
2016-08-09,24.975204467773438,25.005044543160835,24.791581182274818,24.842078154919832,105260800
2016-08-10,24.789289474487305,24.995867237010383,24.734202654873958,24.952255889594838,96034000
2016-08-11,24.773212432861328,25.00274279849474,24.754849583328003,24.908634508019738,109938000
2016-08-12,24.830602645874023,24.8902810495864,24.738790121203813,24.738790121203813,74641600
2016-08-15,25.12898826599121,25.142759529232542,24.80764536466262,24.821416627903954,103472800
2016-08-16,25.10603141784668,25.301133634669583,25.067011674953203,25.163414010752767,135177600
2016-08-17,25.069311141967773,25.103741052991392,24.867323264590826,25.041766862913274,101424000
2016-08-18,25.037174224853516,25.1565292517168,25.023401211277804,25.07160413202606,87938800
2016-08-19,25.101444244384766,25.177189695340626,24.87191384840552,24.966020400144476,101472400
2016-08-22,24.90633773803711,25.041759798367185,24.75484687274158,24.986673006976773,103280800
2016-08-23,24.9843807220459,25.092260277420124,24.910931072817586,24.92470233480484,85030800
2016-08-24,24.79616928100586,24.961431452188137,24.715833989786145,24.920115909392567,94700400
2016-08-25,24.690584182739258,24.761738043840097,24.48630227407473,24.649268642156663,100344800
2016-08-26,24.54598045349121,24.777804886415755,24.401375187116802,24.653860016920405,111065200
2016-08-29,24.518430709838867,24.66074015025649,24.396779910516507,24.47252534256996,99881200
2016-08-30,24.33022117614746,24.444986370374572,24.21545598192035,24.28431579892777,99455600
2016-08-31,24.353174209594727,24.46105377388423,24.24759043955208,24.2521820280458,118649600
2016-09-01,24.497777938842773,24.513844995206068,24.242999079954956,24.362354105628313,106806000
2016-09-02,24.72731590270996,24.789288353074177,24.518442354724936,24.720428518288745,107210000
2016-09-06,24.72042465209961,24.858144300131595,24.676815064655678,24.766331785169626,107521600
2016-09-07,24.87191390991211,24.963726418766445,24.575819488225303,24.750263079930743,169457200
2016-09-08,24.220050811767578,24.621729074362353,24.155782569940936,24.617139236165414,212008000
2016-09-09,23.671470642089844,24.26595531684295,23.671470642089844,24.018062052825947,186228000
2016-09-12,24.201688766479492,24.26595700580643,23.533754383807,23.561298665452053,181171200
2016-09-13,24.777807235717773,24.970613692105253,24.614840853597038,24.67681504539868,248704800
2016-09-14,25.654611587524414,25.943820376781805,24.927000652568726,24.956840724799267,443554800
2016-09-15,26.526826858520508,26.56355256114846,26.04940323142445,26.134330105368175,359934400
2016-09-16,26.377634048461914,26.655365631804546,26.175647919988556,26.42354118073634,319547600
2016-09-19,26.070064544677734,26.66684326402679,25.99431908864002,26.439608647091717,188092000
2016-09-20,26.067764282226562,26.194006687318172,25.824462648243934,25.948409259285395,138057200
2016-09-21,26.063175201416016,26.164167377241395,25.808396340969093,26.132033264318164,144012800
2016-09-22,26.308774948120117,26.38222460570921,26.166465470400887,26.2468007597674,124296000
2016-09-23,25.870365142822266,26.34778868380548,25.604110851505425,26.262861825180007,209924800
2016-09-26,25.90938949584961,26.026450483737882,25.60411541154331,25.624772305841187,119477600
2016-09-27,25.95758819580078,25.97824683930976,25.78544042166271,25.936931303469514,98429600
2016-09-28,26.154987335205078,26.313363865258328,26.03563230248903,26.09531069443601,118564400
2016-09-29,25.74872589111328,26.12056584967198,25.66150495074051,25.973666502108177,143548000
2016-09-30,25.948413848876953,26.021863510873082,25.661500833082993,25.812989994809605,145516400
2016-10-03,25.826763153076172,25.94841575168322,25.771676340334057,25.870374495051873,86807200
2016-10-04,25.936933517456055,26.237617761573542,25.852006644541238,25.950704780185752,118947200
2016-10-05,25.948413848876953,26.08842754067865,25.865782760234048,26.028749143063646,85812400
2016-10-06,26.141218185424805,26.24450616917945,25.96677458395794,26.097606847263574,115117200
2016-10-07,26.180238723754883,26.295003931909065,26.053998045492147,26.237621327831974,97433600
2016-10-10,26.63700294494629,26.79767352040043,26.33172710040549,26.400585167952435,144944000
2016-10-11,26.694385528564453,27.242963030251325,26.671431088217037,27.01572667929305,256164000
2016-10-12,26.933095932006836,27.079996997108335,26.797673838399614,26.935391726305692,150347200
2016-10-13,26.8504638671875,26.956047628874412,26.561255106197756,26.80685253583808,140769600
2016-10-14,26.999658584594727,27.12360520276217,26.88489339197797,27.05704118090311,142608800
2016-10-17,26.981300354003906,27.047862631763685,26.8045609579191,26.930803383693963,94499600
2016-10-18,26.96293830871582,27.132790326610266,26.958346719725693,27.12590469430318,98214000
2016-10-19,26.88259506225586,27.029494345286416,26.120554374843245,26.912433377154144,80138400
2016-10-20,26.86882781982422,26.942277477110643,26.701271610004238,26.82292244071194,96503200
2016-10-21,26.763240814208984,26.83439641976953,26.6897911657945,26.811441981808077,92770800
2016-10-24,27.00424575805664,27.0249026487851,26.85505068181106,26.878003366346324,94154800
2016-10-25,27.14197540283203,27.167223892138235,26.926216221916594,27.073115568146324,192516000
2016-10-26,26.53141975402832,26.55666823970095,26.008090689501234,26.237621103850174,264536800
2016-10-27,26.276643753051758,26.593395108266122,26.189421071034957,26.485515528621026,138248000
2016-10-28,26.102195739746094,26.44419552407986,26.040221554952822,26.136625647833704,151446800
2016-10-31,26.06087875366211,26.219255271367068,25.982837516250328,26.086127234779646,105677600
2016-11-01,25.590343475341797,26.11367250039802,25.36999450432749,26.04251863769345,175303200
2016-11-02,25.613290786743164,25.787734342193012,25.53066147224333,25.569681211263894,113326800
2016-11-03,25.338756561279297,25.7148113997691,25.274158356892737,25.60407212372615,107730400
2016-11-04,25.11035919189453,25.435659629314035,24.94194265804839,25.038839986576537,123348000
2016-11-07,25.472562789916992,25.495633320905657,25.253388345102945,25.396428453502573,130240000
2016-11-08,25.62252426147461,25.774792947021243,25.30876008535018,25.449492624354615,97016800
2016-11-09,25.580997467041016,25.68250992752007,24.928092738526715,25.350288609711452,236705600
2016-11-10,24.868106842041016,25.629444981428254,24.415917712910513,25.629444981428254,228538000
2016-11-11,25.01576042175293,25.11727287797562,24.58202842182032,24.71353239457752,136575600
2016-11-14,24.38823699951172,24.87272532539423,24.012182135551836,24.84965478800348,204702000
2016-11-15,24.711225509643555,24.84272948610668,24.4920528022613,24.586642517178138,129058000
2016-11-16,25.37566566467285,25.431037055440214,24.593562811814266,24.61663334454959,235362000
2016-11-17,25.366436004638672,25.458719891765487,25.10804323288609,25.3341369081696,110528000
2016-11-18,25.391817092895508,25.502558122457543,25.29953495512426,25.313376923756156,113715600
2016-11-21,25.777103424072266,25.837086464357252,25.380283876739426,25.40566199384809,117058400
2016-11-22,25.793249130249023,25.93628748517422,25.70096524180675,25.827854048267202,103862000
2016-11-23,25.661746978759766,25.726345177193878,25.454108655100914,25.691738496555917,109705600
2016-11-25,25.790945053100586,25.809402185330487,25.59714868502462,25.6386763524574,45903600
2016-11-28,25.740190505981445,25.947828856749243,25.698662835827886,25.707891402547467,108776000
2016-11-29,25.714815139770508,25.84631914930331,25.394129892661237,25.557933009084948,114115200
2016-11-30,25.497943878173828,25.885534855352656,25.440266659904175,25.74710988353929,144649200
2016-12-01,25.260313034057617,25.594841943058903,25.154187167806192,25.463337960946383,148347600
2016-12-02,25.35489845275879,25.39873192953971,25.112653499321393,25.186480247770266,106112000
2016-12-05,25.17264175415039,25.384893465192334,24.974232010298948,25.377972481597084,137298000
2016-12-06,25.366436004638672,25.46102747299006,25.191098555283347,25.262617731726472,104782000
2016-12-07,25.61560821533203,25.652522483247672,25.18418371012533,25.207254247488017,119994800
2016-12-08,25.867076873779297,25.93859605396477,25.516398436381394,25.576383230177928,108273200
2016-12-09,26.289276123046875,26.46230778272512,25.910913701363974,25.910913701363974,137610400
2016-12-12,26.13931655883789,26.531520947030724,25.95244117090472,26.137008977212552,105497600
2016-12-13,26.575349807739258,26.74376626234758,26.24312854032644,26.263891489455425,174935200
2016-12-14,26.575349807739258,26.80836445097371,26.52690116626966,26.54074313235565,136127200
2016-12-15,26.720706939697266,26.930652900959103,26.584589522309855,26.619194452039288,186098000
2016-12-16,26.755300521850586,26.87757590744203,26.681473774314135,26.870654924886818,177404400
2016-12-19,26.909881591796875,27.080605657266887,26.70455084490443,26.716086992101552,111117600
2016-12-20,26.981403350830078,27.108293941432084,26.91911272646034,26.932954696282707,85700000
2016-12-21,27.006778717041016,27.085220645102652,26.942180517560214,26.9467956804768,95132800
2016-12-22,26.829137802124023,26.879894041013102,26.679176667270617,26.842979772668613,104343600
2016-12-23,26.882192611694336,26.882192611694336,26.667633325280576,26.667633325280576,56998000
2016-12-27,27.052921295166016,27.177504290227766,26.875274488067834,26.88219547220978,73187600
2016-12-28,26.93756866455078,27.228260578938116,26.808370497987386,27.112906141751992,83623600
2016-12-29,26.93064308166504,27.018311805296616,26.854508743681215,26.86604312932897,60158000
2016-12-30,26.720706939697266,27.0390846143936,26.63073060206201,26.912195764990496,122345200
2017-01-03,26.79683494567871,26.838362611667527,26.476149765052995,26.71608719519183,115127600
2017-01-04,26.766843795776367,26.879892415618563,26.70455317192317,26.727623708158834,84472400
2017-01-05,26.90296173095703,26.96063894901325,26.71839392910952,26.74377204586778,88774400
2017-01-06,27.202880859375,27.26055807083818,26.870659558093067,26.942178737053393,127007600
2017-01-09,27.452045440673828,27.553557897454613,27.209802205404447,27.212108026572132,134247600
2017-01-10,27.479740142822266,27.542030777973636,27.29286647719874,27.40129819319043,97848400
2017-01-11,27.62738800048828,27.668915668724587,27.362072440099055,27.394371542041842,110354400
2017-01-12,27.51203155517578,27.523567702243422,27.272094129553977,27.43128380620905,108344800
2017-01-13,27.463584899902344,27.597396470859678,27.410521083774768,27.479734450868296,104447600
2017-01-17,27.685062408447266,27.740432040416877,27.27440093101565,27.302084866916022,137759200
2017-01-18,27.682756423950195,27.800418438820728,27.61815822289781,27.68506400546463,94852000
2017-01-19,27.634305953979492,27.70582513469806,27.53971624014224,27.546637224060962,102389200
2017-01-20,27.685062408447266,27.788880688411396,27.622771792502558,27.788880688411396,130391600
2017-01-23,27.703521728515625,27.87193821911541,27.63200078139348,27.68506459634417,88200800
2017-01-24,27.678144454956055,27.70813597552152,27.56971100035689,27.581247148357715,92844000
2017-01-25,28.118799209594727,28.16955544761756,27.7496653332957,27.78196443746129,129510400
2017-01-26,28.13263511657715,28.24798953085189,28.054193199582617,28.070342747174333,105350400
2017-01-27,28.13494873046875,28.227232639483432,28.05420097014434,28.178783983288785,82251600
2017-01-30,28.06112289428711,28.06112289428711,27.837336739662195,27.89962736823424,121510000
2017-01-31,27.99652099609375,28.005749562105336,27.828104506847033,27.950379926204814,196804000
2017-02-01,29.703758239746094,30.105192822307455,29.302325417353202,29.306938818916315,447940000
2017-02-02,29.65300750732422,29.85141725444363,29.47997587391791,29.526118698927537,134841600
2017-02-03,29.779897689819336,29.80527580320343,29.567645978033095,29.6022508961307,98029200
2017-02-06,30.05905532836914,30.107505737124626,29.738370159032435,29.79143573060696,107383600
2017-02-07,30.345144271850586,30.47434070509868,30.095978213298352,30.116741171426344,152735200
2017-02-08,30.462799072265625,30.504328501385984,30.273619620583087,30.30361290159567,92016400
2017-02-09,30.682931900024414,30.68988289318993,30.381709232312105,30.504514825705293,113399600
2017-02-10,30.613399505615234,30.80340262960546,30.597181710123177,30.692183272118292,80262000
2017-02-13,30.884511947631836,31.007321053462746,30.75939055865098,30.83585500465084,92141600
2017-02-14,31.285367965698242,31.301585766411893,30.8752418124428,30.92621810428701,132904800
2017-02-15,31.398895263671875,31.574996422240094,31.192674329769517,31.401214617189797,142492400
2017-02-16,31.361833572387695,31.489270771147325,31.243659647980255,31.435978658815067,90338400
2017-02-17,31.447553634643555,31.47304177244757,31.303895150075277,31.303895150075277,88792800
2017-02-21,31.674631118774414,31.686217280110185,31.507800295219432,31.565727566298243,98028800
2017-02-22,31.76963233947754,31.771948157478988,31.537923257732565,31.612068325378953,83347600
2017-02-23,31.635250091552734,31.855373077801605,31.58195797681062,31.832204284070755,83152800
2017-02-24,31.665374755859375,31.66537475585938,31.345614982639866,31.491592885301156,87106400
2017-02-27,31.727930068969727,31.846103990270926,31.577320545884863,31.776590542846833,81029600
2017-02-28,31.741836547851562,31.8461049543438,31.674638916920376,31.762689522029827,93931600
2017-03-01,32.39061737060547,32.47403279791158,31.883177351394018,31.95037144269028,145658400
2017-03-02,32.198307037353516,32.50416129581718,32.15196237599731,32.43928301264,104844000
2017-03-03,32.3883056640625,32.399891829026096,32.11257120169423,32.156596507195204,84432400
2017-03-06,32.286346435546875,32.38598319104028,32.11488395747979,32.2932974259766,87000000
2017-03-07,32.32805252075195,32.434636719888175,32.15890234311395,32.22146478601568,69785200
2017-03-08,32.20756530761719,32.39293329708325,32.16585936617749,32.1959791453505,74828800
2017-03-09,32.1334228515625,32.158910999190404,31.755739345659407,32.147328370305814,88623600
2017-03-10,32.240013122558594,32.290989421779244,32.12415853989371,32.26550127216892,78451200
2017-03-13,32.25390625,32.30719835342371,32.1658591955609,32.17281018576398,69686800
2017-03-14,32.20524215698242,32.35816744304392,32.17048367809609,32.277071396841514,61236400
2017-03-15,32.545867919921875,32.613062016013366,32.214522005509565,32.302572611616505,102767200
2017-03-16,32.599159240722656,32.67562368065158,32.49952247271798,32.60611023202521,76928000
2017-03-17,32.43695831298828,32.67098323211855,32.41378598865446,32.67098323211855,175540000
2017-03-20,32.77756881713867,32.78683562490218,32.49256409610995,32.53195421640496,86168000
2017-03-21,32.402191162109375,33.088051473147324,32.37670302639784,32.92817167055676,158119600
2017-03-22,32.76830291748047,32.810012397072626,32.38366493453308,32.40452144212943,103440800
2017-03-23,32.65243911743164,32.80536793998578,32.58060987715306,32.73121934640818,81385200
2017-03-24,32.58757781982422,32.842459323352124,32.520383715585794,32.786847849236565,89582400
2017-03-27,32.6431770324707,32.72195727284184,32.11951223748594,32.29792922293828,94300400
2017-03-28,33.31977081298828,33.37537873675065,32.582934002732934,32.65013162474638,133499200
2017-03-29,33.39390563964844,33.479640388466635,33.178417930012095,33.29195309657773,116760000
2017-03-30,33.34989929199219,33.48197521657877,33.25026604552978,33.4101459392498,84829200
2017-03-31,33.28733444213867,33.428677152768415,33.1367213863787,33.30123642423328,78646800
2017-04-03,33.29659652709961,33.3939139235539,33.14598702831087,33.298915880853436,79942800
2017-04-04,33.544525146484375,33.572329105226935,33.17378919711673,33.19232634814512,79565600
2017-04-05,33.37074661254883,33.704408292649255,33.322086144367354,33.4170877268738,110871600
2017-04-06,33.28733444213867,33.48660443522977,33.23867396920681,33.43330878973279,84596000
2017-04-07,33.21318435668945,33.40781916861968,33.19696655682889,33.303550771914246,66688800
2017-04-10,33.17378616333008,33.338301153911864,33.1112237262807,33.27342289904574,75733600
2017-04-11,32.81697082519531,33.21551087979616,32.453185731797475,33.120509271706126,121517600
2017-04-12,32.85634231567383,32.93743835766397,32.673290195605915,32.81000121516527,81400000
2017-04-13,32.68257522583008,32.990748809335685,32.68257522583008,32.88184522961562,71291600
2017-04-17,32.86330795288086,32.8748941170724,32.64086562144642,32.782208339141,66328400
2017-04-18,32.71732711791992,32.91196193065789,32.69647414561241,32.765987588904714,58790000
2017-04-19,32.59684371948242,32.90270151516269,32.54355160136284,32.87489754668313,69313600
2017-04-20,33.00465774536133,33.115877167118775,32.70807026360703,32.7219722493765,93278400
2017-04-21,32.96525955200195,33.06025761008088,32.86794213979374,33.00464968059094,69283600
2017-04-24,33.28269958496094,33.35452885019756,33.17611182855769,33.25026044789921,68537200
2017-04-25,33.48892593383789,33.57465719502952,33.335997033657144,33.345267380359736,75486000
2017-04-26,33.291961669921875,33.5051371524754,33.222451768654714,33.47501383819278,80164800
2017-04-27,33.31745147705078,33.403186252231365,33.20623209386567,33.34757479283859,56985200
2017-04-28,33.28501892089844,33.43563199400183,33.19697184562686,33.38697151546661,83441600
2017-05-01,33.96392059326172,34.10757910510044,33.58855297943781,33.62099211229172,134411600
2017-05-02,34.179420471191406,34.313812222231434,34.02417574212833,34.186371463865754,181408800
2017-05-03,34.07514572143555,34.174782490612145,33.428678773488514,33.73453300120081,182788000
2017-05-04,33.95233154296875,34.09367422458075,33.78550072088245,33.950015724962,93487600
2017-05-05,34.5153923034668,34.52002394026559,34.005629407550984,34.005629407550984,109310800
2017-05-08,35.45381546020508,35.61369533801015,34.531614041197315,34.531614041197315,195009600
2017-05-09,35.680885314941406,35.88710627097497,35.555760421941116,35.6530778189412,156521600
2017-05-10,35.51173782348633,35.66930186078162,35.24527375449055,35.597472600561915,103222800
2017-05-11,35.8188591003418,35.846781379217376,35.43728775752317,35.469860791049356,109020400
2017-05-12,36.31908416748047,36.39353527768453,35.98637067289301,35.99335035353109,130108000
2017-05-15,36.22602462768555,36.447056185282094,36.074793443591716,36.29815037856705,104038800
2017-05-16,36.17251968383789,36.309791530356016,35.99802049074683,36.281872795523896,80194000
2017-05-17,34.957977294921875,35.96309355418268,34.83233953761045,35.73740782606696,203070800
2017-05-18,35.49079132080078,35.67692441779575,35.16273568693745,35.195308712647055,134272800
2017-05-19,35.611785888671875,35.82583775286264,35.511741413643335,35.686240563274374,107843200
2017-05-22,35.828155517578125,35.96542728713907,35.576876394375454,35.83048089411209,91865600
2017-05-23,35.78396224975586,36.039892224279505,35.669954852346024,36.039892224279505,79675600
2017-05-24,35.676937103271484,35.87004994942603,35.521051599791384,35.79326988648304,76712000
2017-05-25,35.80024337768555,35.91192538639311,35.6048051877386,35.76767034602772,76942400
2017-05-26,35.73973846435547,35.88631882796148,35.66993812215294,35.83047784416089,87710400
2017-05-30,35.75371170043945,35.930536225819196,35.67460627199543,35.695545317725745,80507600
2017-05-31,35.54198455810547,35.87004380259124,35.45357407214753,35.82351140731956,97804800
2017-06-01,35.639705657958984,35.674607619021614,35.41634872801346,35.63738028063256,65616400
2017-06-02,36.16785430908203,36.16785430908203,35.57223114698154,35.73277092352461,111082800
2017-06-05,35.814208984375,35.935196073134954,35.70485943418587,35.909602718785635,101326800
2017-06-06,35.93519973754883,36.2516250825914,35.77931421795953,35.80723295275309,106499600
2017-06-07,36.14923858642578,36.29116468731053,35.94216642777695,36.06780778931761,84278400
2017-06-08,36.060829162597656,36.18879235467997,35.92355381168636,36.121320917949184,85003200
2017-06-09,34.662506103515625,36.10736045843157,33.9738181935922,36.10736045843157,259530800
2017-06-12,33.83422088623047,33.99010636502912,33.15716334309144,33.90867555979091,289229200
2017-06-13,34.10641860961914,34.306510986684,33.77137988056243,34.239039585784134,136661600
2017-06-14,33.77373123168945,34.31816775280594,33.46661100940151,34.31816775280594,126124800
2017-06-15,33.57130813598633,33.61551515521038,33.087366952360576,33.345625835548326,128661600
2017-06-16,33.10132598876953,33.62016912726743,33.08503769755581,33.452649661441285,201444400
2017-06-19,34.048274993896484,34.14134334198759,33.42473303756118,33.42473303756118,130165600
2017-06-20,33.73881912231445,34.17157704616285,33.72253438522746,34.17157704616285,99600400
2017-06-21,33.93891906738281,33.98545501263646,33.64576178333343,33.857488263577295,85063200
2017-06-22,33.88308334350586,34.132033622392534,33.76442164732189,33.91565637673013,76425200
2017-06-23,34.03430938720703,34.239056165261644,33.762091175581055,33.76674547968061,141757600
2017-06-26,33.92728042602539,34.49963549220293,33.82490705153684,34.24137667935892,102769600
2017-06-27,33.441017150878906,34.00639626054493,33.415423799409346,33.73882875878233,99047600
2017-06-28,33.92961120605469,33.99475726379608,33.30839473032465,33.6178402796932,88329600
2017-06-29,33.42937469482422,33.76674248332556,33.103644440636,33.66902340706909,125997600
2017-06-30,33.50849151611328,33.72719768816281,33.45265050935776,33.60853599258162,92096400
2017-07-03,33.38749313354492,33.80629166686147,33.29442837067153,33.70857260078646,57111200
2017-07-05,33.5247802734375,33.68764545824093,33.206029586736875,33.43171546789119,86278400
2017-07-06,33.208351135253906,33.38750459297796,33.13390000944032,33.2758261291604,96515200
2017-07-07,33.54572296142578,33.678344051421426,33.24791129113522,33.24791129113522,76806800
2017-07-10,33.75046157836914,33.95753376029833,33.357256260390336,33.529430032520224,84362400
2017-07-11,33.85980987548828,33.93426453945927,33.59224597100433,33.6736767657546,79127200
2017-07-12,33.90866470336914,34.011034521447996,33.69461291070647,33.938908798399964,99538000
2017-07-13,34.3809814453125,34.548500886971,33.838870411916766,33.85282977368935,100797600
2017-07-14,34.67646789550781,34.74394288511077,34.27861184032288,34.42751763264724,80528400
2017-07-17,34.797454833984375,35.10922578080581,34.56711823978075,34.62528462016657,95174000
2017-07-18,34.9184455871582,34.93007957450292,34.59038631508754,34.71369877051362,71475200
2017-07-19,35.137142181396484,35.230206954372555,34.888188410885526,35.01150083266591,83692000
2017-07-20,34.97895050048828,35.304684517618874,34.94405207552949,35.24884348748899,68974800
2017-07-21,34.96263885498047,35.00219155623724,34.639234015110986,34.8974928117113,105010400
2017-07-24,35.38608932495117,35.467523656869794,34.876551394255884,35.03476575479095,85972800
2017-07-25,35.53733444213867,35.79326439582778,35.318628275219126,35.318628275219126,75415600
2017-07-26,35.70485305786133,35.81420258852235,35.61178471766851,35.679259708082576,63124000
2017-07-27,35.030113220214844,35.82815764265496,34.27162505255066,35.77231665078899,129905200
2017-07-28,34.783485412597656,34.95333020015694,34.71135968980644,34.87422479775323,68854800
2017-07-31,34.60433578491211,34.97660197232861,34.46473862727603,34.87655397000562,79383600
2017-08-01,34.91146469116211,34.95101740660357,34.529893350803725,34.69043314007424,141474400
2017-08-02,36.561065673828125,37.168322922742696,36.33305442084484,37.05896982637226,279747200
2017-08-03,36.195762634277344,36.5773337973124,36.06779593779153,36.54010647648149,108389200
2017-08-04,36.386558532714844,36.62154941694103,36.223693387697,36.31210741650407,82239600
2017-08-07,36.94961166381836,36.97520501371923,36.45170757954215,36.542446992791746,87481200
2017-08-08,37.24509048461914,37.65225507483992,36.82396653362174,36.900746568086596,144823600
2017-08-09,37.47311019897461,37.52197152301882,37.0194131193968,37.05431152928959,104526000
2017-08-10,36.27951431274414,37.372662994549984,36.118344133318566,37.34930365452444,163217200
2017-08-11,36.7840576171875,37.038661696838595,36.454713598426956,36.57851031015932,105028400
2017-08-14,37.33763885498047,37.42172751474677,37.08070029343457,37.213842156454525,88490800
2017-08-15,37.74640655517578,37.8865519604917,37.405379297047986,37.526841499630855,117862000
2017-08-16,37.59457015991211,37.9589531283983,37.40770609388094,37.82581484259094,110686400
2017-08-17,36.872806549072266,37.538508584497926,36.86813396788796,37.49412797358486,111762400
2017-08-18,36.78872299194336,37.25588137914264,36.606531506066496,36.87281164420466,109712400
2017-08-21,36.72098922729492,36.87982137954748,36.230471459906205,36.788725630076534,105474000
2017-08-22,37.32126998901367,37.37265767845229,36.91017203763907,36.95922165492679,86418400
2017-08-23,37.36799240112305,37.48244747071968,37.111057467851445,37.15543807777942,77596400
2017-08-24,37.20216369628906,37.54552543785586,37.033986371271205,37.473112885141326,79275600
2017-08-25,37.339969635009766,37.503474355966645,37.20215876764151,37.290916436654896,101920400
2017-08-28,37.71602249145508,37.83981914550404,37.35630863452684,37.40536182015694,103864000
2017-08-29,38.05238723754883,38.101436872228,37.372670929623744,37.39603027460902,118067600
2017-08-30,38.15516662597656,38.281297835278444,37.982316721839304,38.26027656108413,109078400
2017-08-31,38.30698013305664,38.42844228753387,38.18551797857941,38.22289149751624,107140400
2017-09-01,38.31867218017578,38.52655754572336,38.22056933438058,38.49385659712495,66364400
2017-09-05,37.8585090637207,38.36537539157839,37.50346775772517,38.24858581656597,117874000
2017-09-06,37.81879425048828,38.071060114949915,37.49411943277212,38.00565824980812,86606800
2017-09-07,37.66698455810547,37.89589476489101,37.45676468116117,37.860855742642876,87714000
2017-09-08,37.05266571044922,37.64128266590205,37.02930636727006,37.57354627329907,114446000
2017-09-11,37.72303771972656,37.851506982063555,37.346975095868515,37.48945853879946,126323200
2017-09-12,37.57354736328125,38.2976442532163,37.08536772823925,37.982310931826895,286856000
2017-09-13,37.29090881347656,37.36332134179477,36.884483385057884,37.342296510148905,179629600
2017-09-14,36.970909118652344,37.23251663703886,36.92652850803996,37.13675189028781,95042800
2017-09-15,37.34464645385742,37.59924694567227,36.90551638420538,37.015298901618394,196458400
2017-09-18,37.062007904052734,37.489458229316895,36.905510281819744,37.398362492072756,113077600
2017-09-19,37.076019287109375,37.31894361085515,37.00828289853007,37.25821074785113,83242400
2017-09-20,36.4547119140625,36.96624743076142,35.93149315897155,36.88215876590995,211805600
2017-09-21,35.828704833984375,36.39163142764838,35.6792143240627,36.39163142764838,150046800
2017-09-22,35.47834014892578,35.56710137444985,35.16767942372686,35.39658601340253,186581600
2017-09-25,35.16535568237305,35.464336827737114,34.84068067776037,35.03455187679332,177549200
2017-09-26,35.77031707763672,35.95250856102982,35.431627964361624,35.45264923610646,146640000
2017-09-27,36.02492141723633,36.139376515947696,35.86375118824096,35.924484065332535,102016800
2017-09-28,35.80301284790039,36.036592004561605,35.66753650934068,35.94549627602914,88022000
2017-09-29,35.99922180175781,36.001559874586356,35.504035084523316,35.78666745834996,105199200
2017-10-02,35.92681121826172,36.076301743043395,35.67221078082868,36.03192113091309,74795200
2017-10-03,36.083316802978516,36.22580026933067,35.95017850131544,35.97353428476607,64921200
2017-10-04,35.84972381591797,35.93848502569616,35.61147566988387,35.88476282384157,80655200
2017-10-05,36.29586410522461,36.30754377559321,35.98286889850208,36.01323176449845,85135200
2017-10-06,36.27485275268555,36.319233373736566,36.102002850733136,36.19777118414471,69630400
2017-10-09,36.40096664428711,36.608851903895214,36.319216096519675,36.39395955631088,65051600
2017-10-10,36.41499328613281,36.905510997192735,36.22813279061998,36.45236681088958,62468000
2017-10-11,36.566810607910156,36.667247915042516,36.379946605935615,36.431334295581976,67622400
2017-10-12,36.438358306884766,36.758360697646054,36.37529091954937,36.52011245950976,64500400
2017-10-13,36.66959762573242,36.73733402132811,36.53412127040553,36.60886475643748,65576800
2017-10-16,37.34464645385742,37.372674819448484,36.82376223238343,36.88215703678882,96486000
2017-10-17,37.482452392578125,37.57588264164802,37.19281291784457,37.32128218341734,75989200
2017-10-18,37.31661605834961,37.538519175522126,37.27924609073712,37.47077920371068,65496800
2017-10-19,36.433677673339844,36.69061618412299,36.209443667688426,36.61353463088805,170336800
2017-10-20,36.49674606323242,36.847114825439455,36.429009670758624,36.58083470872752,95896400
2017-10-23,36.478065490722656,36.833106894622944,36.32156784474707,36.646242810247216,87937200
2017-10-24,36.69529724121094,36.77004073898034,36.48507380270382,36.50609507731371,71028800
2017-10-25,36.53413772583008,36.80041797475042,36.26785747690973,36.6509273712186,84828400
2017-10-26,36.7677116394043,36.86581449948685,36.62055556721215,36.72566551986228,68002000
2017-10-27,38.0850944519043,38.2135637422016,37.06902336807756,37.20683425942547,177816800
2017-10-30,38.94232940673828,39.25766279205069,38.24159171860955,38.28129975990717,178803200
2017-10-31,39.48421096801758,39.626694366895684,38.993696978208455,39.21793092665424,144187200
2017-11-01,38.982025146484375,39.69444228409179,38.68304411236308,39.67809003241036,134551200
2017-11-02,39.26698303222656,39.35807873956285,38.605953744987644,38.914279870823854,165573600
2017-11-03,40.29241180419922,40.703509911112626,39.97007136924219,40.6427806024966,237594400
2017-11-06,40.7011833190918,40.87403324296213,40.11022811614637,40.262053199286115,140105200
2017-11-07,40.83197784423828,40.93475325863006,40.54934901879649,40.62175799780826,97446000
2017-11-08,41.165992736816406,41.165992736816406,40.719855682623354,40.79693723367256,97638000
2017-11-09,41.081905364990234,41.13329306727697,40.44189715914148,40.90204840698665,117930400
2017-11-10,40.94594192504883,41.112380889823314,40.85217581164919,41.049086795957194,100582000
2017-11-13,40.781856536865234,40.9060982683726,40.64823604621662,40.671679367121186,67928400
2017-11-14,40.16533660888672,40.66699295104361,40.12782872348555,40.563848054664824,99130000
2017-11-15,39.63555145263672,39.926232201356875,39.4714589239031,39.84418414851564,116632400
2017-11-16,40.10907745361328,40.28957744125859,39.92154160778363,40.12782781894237,94550000
2017-11-17,39.886375427246094,40.1770561584031,39.76682307288123,40.09500811051927,87598000
2017-11-20,39.84652328491211,39.982486675001006,39.74806777697502,39.91919257098841,65049600
2017-11-21,40.58728790283203,40.718561913549664,40.034059159844496,40.034059159844496,100525200
2017-11-22,41.013919830322266,41.023295009610436,40.566179009178555,40.63884827374113,102355600
2017-11-24,41.01626968383789,41.14051139791506,40.94125392902628,41.04674528134861,56106800
2017-11-27,40.809974670410156,41.04205060785331,40.634160541817714,41.035018328865426,82867200
2017-11-28,40.57087707519531,40.992828195521916,40.28722865795972,40.859211294604684,105715200
2017-11-29,39.729305267333984,40.5357066749356,39.18545540122101,40.46772678302688,166665600
2017-11-30,40.284889221191406,40.35286912803943,39.485519917188086,39.95201123691932,166108800
2017-12-01,40.09734344482422,40.24268198153538,39.499574685236745,39.83948128909703,159037200
2017-12-04,39.80432891845703,40.46538833955485,39.76447813570898,40.43256983747125,130169600
2017-12-05,39.76682662963867,40.20753535698285,39.476145872483094,39.63086322275698,109400800
2017-12-06,39.61913299560547,39.89809203071307,39.02136772260137,39.265161780095205,114240000
2017-12-07,39.691802978515625,39.95435095634073,39.595690387723245,39.62381950621939,102693200
2017-12-08,39.703521728515625,40.08562562027966,39.574594215271944,39.966073287709925,93420800
2017-12-11,40.477115631103516,40.528688081116925,39.56756905117488,39.663681669558876,141095200
2017-12-12,40.249725341796875,40.41147495883468,40.19346709374799,40.35521313383717,77636800
2017-12-13,40.383338928222656,40.68104831176175,40.320044833043944,40.437254265698144,95273600
2017-12-14,40.371620178222656,40.58494221949004,40.23799969843486,40.413813860083046,81906000
2017-12-15,40.781856536865234,40.82873960172581,40.42788528367708,40.70215496890741,160677200
2017-12-18,41.3561897277832,41.53903621819723,40.99049674695515,40.99518612738734,117684400
2017-12-19,40.915470123291016,41.11472760393039,40.80998234169593,41.03033666326467,109745600
2017-12-20,40.870941162109375,41.121767552813004,40.613078912835604,40.99283642817612,93902400
2017-12-21,41.02564239501953,41.262407727061124,40.81232395613017,40.82873141591496,83799600
2017-12-22,41.02564239501953,41.12175498373052,40.90609006705201,40.948283743882484,65397600
2017-12-26,39.98483657836914,40.19581217388551,39.77620030738345,40.03875192798798,132742000
2017-12-27,39.99186325073242,40.034056933138324,39.78323058595714,39.87465380811825,85992800
2017-12-28,40.10438537597656,40.2848889284281,39.96373260682888,40.085631434960305,65920800
2017-12-29,39.67070770263672,39.98951753570867,39.66836480144112,39.97311007344273,103999600
2018-01-02,40.38100051879883,40.39037927837602,39.67774378235682,39.88872294945866,102223600
2018-01-03,40.37396240234375,40.91781591685785,40.310671880614436,40.44428878121343,118071600
2018-01-04,40.56150436401367,40.664649258385666,40.33880711131893,40.446637808563274,89738400
2018-01-05,41.0233039855957,41.11003782654181,40.56618788514586,40.65761110523582,94640000
2018-01-08,40.870941162109375,41.16630772104656,40.7724820655147,40.870941162109375,82271200
2018-01-09,40.866249084472656,41.037373887540824,40.65058411611103,40.91782153092313,86336000
2018-01-10,40.85686111450195,40.85920759232445,40.55446236207534,40.59197023775632,95839600
2018-01-11,41.08894729614258,41.13817684234306,40.903757926423964,40.9271976718466,74670800
2018-01-12,41.51323699951172,41.576531096215895,41.175673253020285,41.29991496847226,101672400
2018-01-16,41.30225372314453,42.052393254549216,41.29053206639888,41.703107914434604,118263600
2018-01-17,41.98442459106445,42.01958599375267,41.03971675139146,41.29288600464342,137547200
2018-01-18,42.02192687988281,42.21884145633942,41.78516510025594,42.04771309960045,124773600
2018-01-19,41.83439254760742,42.09694053382906,41.58825202205062,41.86955394685209,129700400
2018-01-22,41.49214172363281,41.67498816371669,41.39837560249429,41.56246810296082,108434400
2018-01-23,41.50151062011719,42.06411799259364,41.44994176516418,41.56246180888039,130756400
2018-01-24,40.840457916259766,41.56246850219612,40.601349655027036,41.55074684270415,204420400
2018-01-25,40.111419677734375,41.011587430178274,39.97545628122743,40.90844253786619,166116000
2018-01-26,40.20518493652344,40.32005148718261,39.86527824112005,40.32005148718261,156572000
2018-01-29,39.37300109863281,39.88872197739946,39.164368414983855,39.88872197739946,202561600
2018-01-30,39.14092254638672,39.23468867207913,38.60879066186384,38.80335877077658,184192800
2018-01-31,39.24874496459961,39.48551028405784,39.03073715866626,39.11747098550671,129915600
2018-02-01,39.330787658691406,39.52769860063934,39.09167947092767,39.18779204150244,188923200
2018-02-02,37.624229431152344,39.10106905879282,37.53046331194743,38.91353324343483,346375200
2018-02-05,36.684207916259766,38.4165631120856,36.56934138957845,37.29604127104793,290954000
2018-02-06,38.217308044433594,38.37905763685267,36.100505937010205,36.29507402811228,272975200
2018-02-07,37.399173736572266,38.304030446644354,37.28900019148599,38.231361191036655,206434400
2018-02-08,36.37008285522461,37.74143454751271,36.34195373807335,37.57499559148965,217562000
2018-02-09,36.81494903564453,37.163302504135125,35.36268790898126,36.970297163097975,282690400
2018-02-12,38.29780578613281,38.57554611224318,37.07385489575755,37.3068770612048,243278000
2018-02-13,38.68146514892578,38.77796960748867,38.048306830765405,38.1189199368244,130196800
2018-02-14,39.3946418762207,39.43465512340115,38.33781232211165,38.37546952493788,162579600
2018-02-15,40.71745681762695,40.74099212471423,39.77831079062471,39.96425516020043,204588800
2018-02-16,40.58563995361328,41.14818868716067,40.430295449475395,40.56916559945333,160704400
2018-02-20,40.44914627075195,41.01639660519768,40.347933275551114,40.496220495516766,135722000
2018-02-21,40.265541076660156,40.983430849870615,40.25141558148277,40.67979914689796,149886400
2018-02-22,40.60212326049805,40.94341575220747,40.416178884970336,40.43736173948644,123967600
2018-02-23,41.308250427246094,41.343555187579625,40.84691454020615,40.8775143935166,135249600
2018-02-26,42.12499237060547,42.223849271436976,41.4753597687707,41.508312069047875,152648800
2018-02-27,41.988487243652344,42.480419442055016,41.93435207517368,42.15560483965056,155712400
2018-02-28,41.9249267578125,42.51336331613137,41.90845240177607,42.19325368474463,151128400
2018-03-01,41.190555572509766,42.315645888824946,40.63977986282203,42.023780087816995,195208000
2018-03-02,41.47536087036133,41.49654372291683,40.590350053929036,40.67273260257573,153816000
2018-03-05,41.61894989013672,41.83549415043722,41.07758744361929,41.23999653672775,113605600
2018-03-06,41.58364486694336,41.95553729753516,41.45654411823781,41.87551076718231,95154000
2018-03-07,41.1976203918457,41.39062930858743,41.018736969513085,41.17643753752969,126814000
2018-03-08,41.647186279296875,41.68955198741114,41.20703688451729,41.30353775017703,95096400
2018-03-09,42.362728118896484,42.36743661748297,41.753108642868185,41.88727391609229,128740800
2018-03-12,42.77226638793945,42.92996691605444,42.416852086503965,42.43567889122233,128828400
2018-03-13,42.36037063598633,43.19124275701398,42.188548169066856,42.977050990910776,126774000
2018-03-14,42.000247955322266,42.48982759809608,41.85196079476881,42.44275339219184,117473600
2018-03-15,42.049678802490234,42.42392721680228,41.91316466923111,42.01437404242875,90975200
2018-03-16,41.901397705078125,42.16030767446724,41.80724568677387,42.049681297667405,157618800
2018-03-19,41.261173248291016,41.77193576305772,40.87515899977217,41.73663100526373,133787200
2018-03-20,41.2470588684082,41.61424278256529,41.176445748408966,41.2470588684082,78597600
2018-03-21,40.312618255615234,41.21174757208427,40.31026221047947,41.1999781210021,148219600
2018-03-22,39.74301528930664,40.64449713353041,39.68417162058781,40.013694728800225,165963200
2018-03-23,38.82268142700195,39.99484575813055,38.82268142700195,39.63472296006375,164115200
2018-03-26,40.66567611694336,40.743350176373866,39.175754267573126,39.55941606646361,150164800
2018-03-27,39.622962951660156,41.225863550656555,39.28873141985822,40.87986256946427,163690400
2018-03-28,39.18516540527344,40.01839356438432,38.88153372827884,39.366404866791264,166674000
2018-03-29,39.49114990234375,40.425587346973295,39.28401910609397,39.49821085298578,153594000
2018-04-02,39.232234954833984,39.764183827052186,38.712059121958525,39.22282155150351,150347200
2018-04-03,39.634727478027344,39.71946247496852,38.80856395149925,39.45819653369415,121112000
2018-04-04,40.39264678955078,40.48679521983576,38.78268492756375,38.808576284621985,138422000
2018-04-05,40.6727409362793,41.00932496761989,40.5032708980485,40.6209582250681,107732800
2018-04-06,39.632381439208984,40.597415269493986,39.59001213811566,40.24200087033369,140021200
2018-04-09,40.025447845458984,40.74098498477688,39.97837364800259,39.9854345980445,116070800
2018-04-10,40.77865982055664,40.95519081545083,40.37381511827673,40.719816155591914,113634400
2018-04-11,40.58800506591797,40.936358540960995,40.413826532630395,40.53857480933227,89726400
2018-04-12,40.988136291503906,41.19055860890034,40.72922277220672,40.81631382407851,91557200
2018-04-13,41.12700653076172,41.388272503790546,40.91987930647764,41.138775980120656,100497200
2018-04-16,41.383567810058594,41.47065527100543,41.150545641067694,41.19761984721377,86313600
2018-04-17,41.953182220458984,42.11794377015775,41.522446145975664,41.54127655044587,106421600
2018-04-18,41.8590202331543,42.08968993935178,41.63306261636813,41.85195928210045,83018000
2018-04-19,40.6727409362793,41.28236042827309,40.63978862837509,40.898698592898896,139235200
2018-04-20,39.00627136230469,40.30083140884344,38.93801073041183,40.15490033470525,261964400
2018-04-23,38.893310546875,39.28873825616746,38.62262752992455,39.267555398498004,146062000
2018-04-24,38.3519401550293,39.14985995231257,37.9470955318883,38.994511845205345,134768000
2018-04-25,38.5190544128418,38.935668488153105,38.22719218802867,38.27661884605533,113528400
2018-04-26,38.653228759765625,39.00864322003151,38.45315885279838,38.629689856052146,111852000
2018-04-27,38.206016540527344,38.67911831424249,37.80823279042604,38.60144424544765,142623200
2018-04-30,38.89801788330078,39.36876723796921,38.09303691780167,38.16129758548682,169709600
2018-05-01,39.80185317993164,39.82538848908301,38.90036787504531,39.16869482178843,214277600
2018-05-02,41.560096740722656,41.837837057450194,40.90810806336872,41.244692032779035,266157600
2018-05-03,41.635414123535156,41.778992777587,41.05874705420715,41.39768706321684,136272800
2018-05-04,43.268917083740234,43.36777399374625,41.93669586462417,41.955526265320316,224805200
2018-05-07,43.581966400146484,44.17275541558147,43.48546194198825,43.586671306740726,169805600
2018-05-08,43.79145431518555,43.83146757466914,43.231261499350936,43.541957761033636,113611200
2018-05-09,44.099788665771484,44.109202070237544,43.59608712584332,43.90913579943176,92844800
2018-05-10,44.730594635009766,44.808268696550556,44.16804939372825,44.18923584071716,111957200
2018-05-11,44.56046676635742,44.90780194751032,44.29110515703281,44.77312294553845,104848800
2018-05-14,44.45650100708008,44.78257164461772,44.387980745399375,44.659703873093555,83115200
2018-05-15,44.052467346191406,44.20132633119791,43.73584996716356,44.132802453339124,94780800
2018-05-16,44.46358871459961,44.529751056550694,43.94849517910468,43.96503666593764,76732400
2018-05-17,44.18242263793945,44.63608416033303,44.03356365522016,44.42106643093434,69176000
2018-05-18,44.02174377441406,44.37616713616014,43.97921470158735,44.22967330036031,73190800
2018-05-21,44.33364486694336,44.72114765770483,44.16352133876697,44.42106815586849,73603200
2018-05-22,44.22259521484375,44.62900105083375,44.13280678898637,44.5108599032874,60962800
2018-05-23,44.506134033203125,44.53921341088453,43.891798612969254,44.031207909623966,80233600
2018-05-24,44.45650100708008,44.6195363258489,43.99811650038063,44.60299844422146,92936000
2018-05-25,44.55810546875,44.81092559198266,44.33836110968226,44.47540524219508,69844000
2018-05-29,44.397438049316406,44.598279425304774,44.15406759439294,44.32655625109124,90056400
2018-05-30,44.30292510986328,44.421066243489584,44.1328015890109,44.35490749708936,74762000
2018-05-31,44.15406036376953,44.47540434949912,43.9815753406986,44.23676058866452,109931200
2018-06-01,44.950340270996094,44.95506332051401,44.36199612169782,44.41870516434459,93770000
2018-06-04,45.32603454589844,45.701722541786346,45.2126200501436,45.281140331537905,105064800
2018-06-05,45.67572021484375,45.8245791829507,45.451252803117086,45.6190147834742,86264000
2018-06-06,45.83403396606445,45.85766363534121,45.347293064166436,45.75133733435847,83734400
2018-06-07,45.71116638183594,45.88601294210965,45.44652780606369,45.87183658375028,85388800
2018-06-08,45.29530334472656,45.36618873570225,44.83928036562232,45.170074049667846,106627200
2018-06-11,45.18424606323242,45.35909619678003,44.94324080461595,45.21260238012526,73234000
2018-06-12,45.432350158691406,45.51032373283676,45.16535006589498,45.22205910310459,67644400
2018-06-13,45.05902862548828,45.57412585411727,44.997596532601726,45.465434422445746,86553600
2018-06-14,45.082664489746094,45.264602874000786,44.94562032027727,45.25987621839653,86440400
2018-06-15,44.61954879760742,44.93144316510567,44.48250463055957,44.90072531229338,246876800
2018-06-18,44.595924377441406,44.70933887645498,44.232047601924215,44.392721447126874,73939600
2018-06-19,43.875267028808594,44.026487577841436,43.34599330450249,43.74531102447202,134314000
2018-06-20,44.06664276123047,44.23203962692559,43.884704406275205,44.03120186336054,82514800
2018-06-21,43.820919036865234,44.503774772257074,43.69805122549126,44.24386278769328,102847600
2018-06-22,43.69331359863281,43.98393975902918,43.641331214772514,43.976851579901044,108801600
2018-06-25,43.04352569580078,43.69330171190237,42.70327876869041,43.33415177713253,126652400
2018-06-26,43.57753372192383,44.07372789004416,43.13096041276794,43.237290309780164,98276800
2018-06-27,43.51374053955078,44.25094001454132,43.483022692965825,43.76656067524056,101141200
2018-06-28,43.83036422729492,43.998126237389926,43.428685060573926,43.49957046773212,69460800
2018-06-29,43.73820495605469,44.2296724407701,43.21838475667249,44.01701626462684,90950800
2018-07-02,44.227317810058594,44.25567413683767,43.33889768758348,43.43341276787764,70925200
2018-07-03,43.45703125,44.40924843482453,43.367242840735415,44.37144240930459,55819200
2018-07-05,43.80673599243164,44.04538341750769,43.542100976106674,43.77365661539102,66416800
2018-07-06,44.41398620605469,44.52267404990247,43.75948319627207,43.81146559302777,69940800
2018-07-09,45.03067398071289,45.05430004371361,44.728232973406556,44.7754887047892,79026400
2018-07-10,44.976322174072266,45.19606290884649,44.93615102379901,45.06138391778048,63756400
2018-07-11,44.39271545410156,44.8416503392362,44.328918229664474,44.53920931244165,75326000
2018-07-12,45.13700485229492,45.22679327478882,44.73059903152891,44.78258142293258,72164400
2018-07-13,45.207881927490234,45.32838457332759,45.10627868833329,45.14881136681647,50055600
2018-07-16,45.108646392822266,45.51977521113344,44.992866789356334,45.25277871330797,60172400
2018-07-17,45.23624801635742,45.33548615498201,44.70461281312302,44.83456880610116,62138000
2018-07-18,44.9881477355957,45.318945113367,44.877094767997406,45.31421845793809,65573600
2018-07-19,45.337833404541016,45.49614205886663,44.82037476728147,44.82037476728147,81147200
2018-07-20,45.233882904052734,45.46780006748142,44.9338033814058,45.314218018656895,82704800
2018-07-23,45.274044036865234,45.35674427011643,44.78966468221073,45.05429966000469,63957600
2018-07-24,45.602474212646484,45.75842136281019,45.378006796406545,45.47251825417673,74791600
2018-07-25,46.03251647949219,46.03960465960939,45.46779835735736,45.61665735058162,66839600
2018-07-26,45.88837814331055,46.301872087879055,45.74660734873463,45.98288960277378,76304000
2018-07-27,45.12517547607422,46.119925166977644,44.91724958284175,46.07266944603301,96096000
2018-07-30,44.87235641479492,45.41344110196952,44.673880219048996,45.342555716237264,84118000
2018-07-31,44.96214294433594,45.39926650211066,44.7376755519843,44.96450807402614,157492000
2018-08-01,47.610862731933594,47.67229480526373,46.62083974888516,47.05087507833674,271742800
2018-08-02,49.00258255004883,49.23650330826546,47.33915686331954,47.39350077892811,249616000
2018-08-03,49.144351959228516,49.321563666502755,48.55128113810663,48.917519387549675,133789600
2018-08-06,49.3995361328125,49.44206521101312,48.92697159077175,49.14671237223766,101701600
2018-08-07,48.936424255371094,49.501138773053675,48.853724013358956,49.4586096922805,102349600
2018-08-08,48.9694938659668,49.10181134249521,48.32444436520038,48.68595590120866,90102000
2018-08-09,49.35464096069336,49.56729355830663,48.95768487833233,49.508222991705026,93970400
2018-08-10,49.20763397216797,49.57989989130354,49.003718415386096,49.16732554580742,98444800
2018-08-13,49.52534866333008,50.018539731034906,49.24792936612578,49.629678030078686,103563600
2018-08-14,49.73401641845703,49.92607568843563,49.380719838430274,49.83123276583713,82992000
2018-08-15,49.8502082824707,49.96876375949691,49.397325491904326,49.60835409628994,115230400
2018-08-16,50.58050537109375,50.69668741136492,50.141848702977256,50.208239473996684,114001600
2018-08-17,51.590599060058594,51.67832895060167,50.54256913331326,50.60895990745815,141708000
2018-08-20,51.087921142578125,51.96997044895426,51.00493087218621,51.7138938355704,121150800
2018-08-21,50.98832702636719,51.49811763900406,50.74884631665166,51.40564453148764,104639200
2018-08-22,50.990699768066406,51.30131446817909,50.70379398713835,50.765445136673826,76072400
2018-08-23,51.09502410888672,51.46491649755567,50.883995573401236,50.89584822281318,75532800
2018-08-24,51.2538948059082,51.429354562512124,51.004927628590785,51.358224184443145,73905600
2018-08-27,51.67595672607422,51.86564619391058,51.29420798358787,51.48863706505151,82100400
2018-08-28,52.09326934814453,52.29244165624201,51.90832311662178,51.92966223148389,91107200
2018-08-29,52.870994567871094,52.99192345864419,52.0245104225879,52.199970196610515,109019200
2018-08-30,53.3570671081543,54.122934324650984,52.733464265030115,52.93500998317282,195175200
2018-08-31,53.97356033325195,54.267575560999,53.58706837261931,53.70799364035151,173360400
2018-09-04,54.14664840698242,54.34107747487814,53.73644753925483,54.15850467627464,109560400
2018-09-05,53.79336929321289,54.45728079066556,53.373685444724245,54.296047053669675,133332000
2018-09-06,52.89945602416992,53.90717759275835,52.472655577397845,53.6416108603079,137160000
2018-09-07,52.472652435302734,53.437692092413734,52.332757847190166,52.603064177622024,150479200
2018-09-10,51.7684326171875,52.60306414955983,51.32740611850492,52.38966213005324,158066000
2018-09-11,53.07728576660156,53.18398496680129,51.34874497486776,51.69255511685615,142996000
2018-09-12,52.418121337890625,53.34996566824342,52.126472253925435,53.33573958961606,197114800
2018-09-13,53.68429183959961,54.14428766818242,52.77378664666668,52.99904132884174,166825600
2018-09-14,53.074913024902344,53.7862458594256,52.761928459085574,53.52779579787503,127997200
2018-09-17,51.661739349365234,52.86389008700844,51.5171015128098,52.67420058722695,148780400
2018-09-18,51.74708938598633,52.60305996683925,51.48152269069633,51.640386575704554,126286800
2018-09-19,51.77791213989258,52.07430079960809,51.049983473004616,51.808737718271196,108495200
2018-09-20,52.171531677246094,52.705031413305036,51.962872844930075,52.22132657787665,106435200
2018-09-21,51.609561920166016,52.486871570041636,51.52182842256069,52.349346807062695,384986800
2018-09-24,52.35173034667969,52.4631727938787,51.36535144474411,51.410403108678985,110773600
2018-09-25,52.683677673339844,52.8330587157541,52.09327016010668,52.105126430112286,98217600
2018-09-26,52.26398849487305,53.05356829176948,52.10749441951869,52.40151326248517,95938800
2018-09-27,53.338104248046875,53.691400844636,53.003776960471846,53.070171351034034,120724800
2018-09-28,53.525413513183594,53.549122431325195,53.11758249368757,53.30015527367558,91717600
2018-10-01,53.885826110839844,54.397986563838984,53.67005792440383,54.0494332237167,94403200
2018-10-02,54.36479568481445,54.53551584996074,53.73645314505783,53.88346076914599,99152800
2018-10-03,55.026336669921875,55.358290533206585,54.483350600232036,54.547371566017574,114619200
2018-10-04,54.05891799926758,55.092721717820574,53.760155935330346,54.720455850224305,128168000
2018-10-05,53.18161392211914,54.1585135062695,52.30193431480549,54.05181430129419,134322000
2018-10-08,53.058311462402344,53.30253542001235,52.21182374324933,52.68841900691634,118655600
2018-10-09,53.79336929321289,53.88821586029275,52.69791767413327,53.027501806429285,107564000
2018-10-10,51.30131912231445,53.670058530674225,51.22781531553088,53.45902995525262,167962400
2018-10-11,50.84843826293945,52.04584918417597,50.34339444181971,50.86503776470746,212497600
2018-10-12,52.66471862792969,52.847295091123705,51.415142780761784,52.26400050261972,161351600
2018-10-15,51.53843307495117,52.59831924587156,51.51709395908651,52.43945535328062,123164000
2018-10-16,52.674190521240234,52.87336644786293,51.39616278070378,51.910693053592425,116736000
2018-10-17,52.44655227661133,52.790362303771374,52.007895733597884,52.70974547881446,91541600
2018-10-18,51.22071075439453,52.1027638178289,50.504634639880365,51.65699405384939,130325200
2018-10-19,52.00079345703125,52.463159011161046,51.55502378534438,51.704404817457615,132314800
2018-10-22,52.318511962890625,52.9610840118411,51.91305440171382,52.11459647018556,115168400
2018-10-23,52.81171798706055,52.93501668735266,50.90771745231698,51.17565396890587,155071200
2018-10-24,51.00019073486328,53.16738456128527,50.86977899548912,52.78089619299104,163702000
2018-10-25,52.11697769165039,52.49161335606598,51.393788707114766,51.62141676806011,119423200
2018-10-26,51.28709030151367,52.20945159210502,50.426376544726565,51.1922437671702,189033600
2018-10-29,50.32442855834961,52.09090438514096,48.86619406740807,51.97234891195998,183742000
2018-10-30,50.57576370239258,51.02152980472352,49.62020691352,50.065973015850936,146640000
2018-10-31,51.89409637451172,52.271101871009535,51.362966608371195,51.42461776343849,153435600
2018-11-01,52.690792083740234,52.72398746980492,51.408021061480326,51.93915085654104,233292800
2018-11-02,49.19577407836914,50.65874806253091,48.709695954834366,49.68659543348698,365314800
2018-11-05,47.7991943359375,48.46310570278856,46.98827534156456,48.4417665861533,264654800
2018-11-06,48.31609344482422,48.54134809644701,47.82290229437271,47.87743679322284,127531600
2018-11-07,49.78144073486328,49.80752308277761,48.40145695637346,48.837740214189594,133697600
2018-11-08,49.60774612426758,49.995582995692075,49.193732269955774,49.96227178653937,101450400
2018-11-09,48.651222229003906,49.01764544584514,48.12299915426294,48.90819591109264,137463200
2018-11-12,46.200469970703125,47.55196113045554,46.11005227310484,47.34971216392766,204542000
2018-11-13,45.73887252807617,46.916666235937036,45.55328096832355,45.59611174477023,187531600
2018-11-14,44.44685745239258,46.27422112540755,44.23984874505108,46.13621653072951,243204000
2018-11-15,45.54376220703125,45.67700704876969,44.47065835463488,44.825187661199365,185915200
2018-11-16,46.048187255859375,46.39081890205904,45.07978050785697,45.3272346797515,147713200
2018-11-19,44.223209381103516,45.374829798360686,44.016204236900485,45.20827372655078,167701200
2018-11-20,42.11030578613281,43.17864971687647,41.76053630707205,42.4410397716322,271300800
2018-11-21,42.0627326965332,42.8931386767463,42.00800790370809,42.764649960626045,124496800
2018-11-23,40.99437713623047,42.01989398446868,40.94917192107717,41.624915640839525,94496000
2018-11-26,41.548770904541016,41.6272909529889,40.51136011786917,41.45835684958667,179994000
2018-11-27,41.4583625793457,41.58446956319541,40.65888990269772,40.808788533497605,165549600
2018-11-28,43.05254364013672,43.135819841711424,41.62253256342079,42.05082210079535,184250000
2018-11-29,42.72181701660156,43.49511639250818,42.28162976574862,43.46180518000281,167080000
2018-11-30,42.49101638793945,42.90740835745708,42.122211345951015,42.897888793561336,158126000
2018-12-03,43.97576141357422,44.00431284975598,43.116803945483724,43.89010347437833,163210000
2018-12-04,42.04131317138672,43.39756057342333,41.94137953446295,43.05492888645622,165377200
2018-12-06,41.572574615478516,41.58685033070264,40.5494393335014,40.86827574233966,172393600
2018-12-07,40.09021759033203,41.517847109590086,40.045008741318256,41.27990885638041,169126400
2018-12-10,40.354331970214844,40.470919398685005,38.86245800347028,39.2598144779632,248104000
2018-12-11,40.12352752685547,40.875409623836234,39.73568702462761,40.84448012074256,189126800
2018-12-12,40.23536682128906,40.90635091998998,40.21633132216028,40.54468369784362,142510800
2018-12-13,40.67554473876953,41.061007188033315,40.34243262770178,40.56609517255429,127594400
2018-12-14,39.37403106689453,40.23061044700413,39.32644413036634,40.21157494626274,162814800
2018-12-17,39.007598876953125,40.05690747360841,38.71969198522412,39.36688434207388,177151600
2018-12-18,39.51441192626953,39.86179978211614,39.11467372768916,39.35023393206599,135366000
2018-12-19,38.28187942504883,39.842753541024855,37.853589910141004,39.49774385397237,196189200
2018-12-20,37.315853118896484,38.57216668527929,36.9518079167429,38.16529071370509,259092000
2018-12-21,35.86442947387695,37.63231246407767,35.60269959136626,37.32299202961106,382978400
2018-12-24,34.936485290527344,36.05955449410948,34.87937878452035,35.25056199693888,148676800
2018-12-26,37.39676284790039,37.41103856525309,34.910308294311726,35.28625125075108,234330000
2018-12-27,37.1540641784668,37.30158839364941,35.707402506101154,37.08030388620066,212468400
2018-12-28,37.1730842590332,37.71796477444169,36.7733498226303,37.47526679196917,169165600
2018-12-31,37.53237533569336,37.917834082129794,37.23257086122143,37.720344928030535,140014000
2019-01-02,37.5752067565918,37.796491209681555,36.69721406234268,36.85425417348387,148158800
2019-01-03,33.83244323730469,34.67236504107236,33.78723438504044,34.258351143686504,365248800
2019-01-04,35.27672576904297,35.345729898875284,34.21552314309918,34.3892170595102,234428400
2019-01-07,35.19820022583008,35.41234680881426,34.7151859148074,35.381413677453956,219111200
2019-01-08,35.86919021606445,36.1237858793811,35.33858894951646,35.58604312532892,164101200
2019-01-09,36.47832489013672,36.76860994397454,35.60271357607896,35.997688445653495,180396400
2019-01-10,36.59489822387695,36.63534728478305,35.895359290285356,36.28557781798725,143122800
2019-01-11,36.23561096191406,36.571104733058135,36.05001943546186,36.37599727501957,108092800
2019-01-14,35.69073486328125,35.992917435038834,35.505143332444135,35.89298381309956,129756800
2019-01-15,36.42120361328125,36.497341952681495,35.70262920119996,35.75497589794655,114843600
2019-01-16,36.86616134643555,37.08982393275848,36.40456045647552,36.42359595644454,122278800
2019-01-17,37.085060119628906,37.513349745758426,36.466419145147384,36.69008170716224,119284800
2019-01-18,37.31346893310547,37.56568283518738,37.11359809295588,37.47526516061134,135004000
2019-01-22,36.47594451904297,37.2920711990945,36.31414457644596,37.21593282601693,121576000
2019-01-23,36.62345886230469,36.913743848335805,36.09523560120871,36.67818364898762,92522400
2019-01-24,36.33317565917969,36.75670551912618,36.10475693707266,36.66866951484015,101766000
2019-01-25,37.53714370727539,37.62518334431793,36.71863903105032,36.99464469097902,134142000
2019-01-28,37.18974685668945,37.19688471328752,36.56159006151442,37.068396033223685,104768400
2019-01-29,36.804283142089844,37.625172928252375,36.66866024088639,37.177847900505746,166348800
2019-01-30,39.31930160522461,39.533444609513445,38.124850397669945,38.84342503511599,244439200
2019-01-31,39.60244369506836,40.21156504622559,39.15511861440305,39.52392363533564,162958400
2019-02-01,39.62147903442383,40.206805105535146,39.481092705405594,39.72617244698673,130672400
2019-02-04,40.74692916870117,40.844484731789514,39.80231393635287,39.83324707358817,125982000
2019-02-05,41.444087982177734,41.65823461315933,41.00866412354689,41.13001133964811,144406400
2019-02-06,41.4583625793457,41.77482089204486,41.127628552346515,41.55591450394574,112958400
2019-02-07,40.67317199707031,41.3869868692389,40.530407570376525,41.02055986836159,126966800
2019-02-08,40.7209587097168,40.78069839317819,40.245429516724585,40.381637745202596,95280000
2019-02-11,40.48676681518555,40.91211661394077,40.44375600359482,40.873882350602315,83973600
2019-02-12,40.83565902709961,40.861944634409184,40.55129754244725,40.646883226400696,89134000
2019-02-13,40.66598129272461,41.21558691677811,40.6038533563852,40.955122863461064,89960800
2019-02-14,40.81414031982422,40.92405926278694,40.474819456324795,40.55367625256492,87342800
2019-02-15,40.72334671020508,41.02921359577018,40.563244797153104,40.921682895507914,98507200
2019-02-19,40.84522247314453,40.967093784400845,40.5011248931251,40.553696116368684,75891200
2019-02-20,41.108070373535156,41.4163291796934,40.85955489659674,40.90734591375172,104457600
2019-02-21,40.876277923583984,41.18931326234548,40.694670609628645,41.05310868843414,68998800
2019-02-22,41.33269500732422,41.33986347807937,40.952751472416445,41.00054249285786,75652800
2019-02-25,41.63376998901367,42.02566208018677,41.56686185000022,41.61704477737037,87493600
2019-02-26,41.657684326171875,41.88947463319666,41.38049126780097,41.50953105017642,68280800
2019-02-27,41.78669738769531,41.81776317856109,41.27532602953198,41.39002880524271,111341600
2019-02-28,41.375701904296875,41.79627159518977,41.320742418317295,41.65528682209308,112861600
2019-03-01,41.81060791015625,41.853618729961276,41.31357333049172,41.64572580846216,103544800
2019-03-04,42.02088928222656,42.474909358370766,41.57164575485241,41.982655014743564,109744800
2019-03-05,41.94442367553711,42.05673456522143,41.70785323096829,42.04239762546951,78949600
2019-03-06,41.70307159423828,41.934861815205316,41.564475116510145,41.73891393924546,83241600
2019-03-07,41.22037887573242,41.683959372280896,41.10567971197652,41.547751152766466,99185600
2019-03-08,41.318359375,41.35659365105305,40.503509141947944,40.699457072053896,95997600
2019-03-11,42.749717712402344,42.80228892761929,41.90141709077292,41.934871168981786,128044000
2019-03-12,43.230018615722656,43.6505846085032,42.86202018159688,43.012565327032,129870400
2019-03-13,43.42118453979492,43.80112797633808,43.23240513552643,43.55022062620234,124130000
2019-03-14,43.90388488769531,43.99230209409539,43.6243036210394,43.94450743281071,94318000
2019-03-15,44.47500228881836,44.76414398654323,43.906282931668365,44.17152729541817,156171600
2019-03-18,44.92901611328125,45.01742966611717,44.396135583226894,44.3985275038249,104879200
2019-03-19,44.57296371459961,45.16080369054156,44.42719876928776,45.00787027629799,126585600
2019-03-20,44.96247100830078,45.28028652491381,44.14284075046286,44.501278809560496,124140800
2019-03-21,46.618465423583984,46.9147756101299,45.35676341348758,45.40694635937365,204136800
2019-03-22,45.65304946899414,47.23973471247769,45.58852961445031,46.6781804430063,169630800
2019-03-25,45.101070404052734,45.87529432805428,44.58969888594255,45.76298343726282,175381200
2019-03-26,44.63509750366211,46.09035887304303,44.10700077672146,45.79882894425689,199202000
2019-03-27,45.03654861450195,45.344803747769916,44.57774832631072,45.103456761974385,119393600
2019-03-28,45.09629440307617,45.29701887269252,44.81193291467582,45.151253893185654,83121600
2019-03-29,45.39020919799805,45.42127499911637,45.053276519812606,45.361535317717,94256000
2019-04-01,45.6984748840332,45.8036136763182,45.01505267996334,45.79405693019096,111448000
2019-04-02,46.36276626586914,46.467908673343175,45.65305866163964,45.66261540494625,91062800
2019-04-03,46.68058395385742,46.95538500302052,46.154871891809094,46.17876922052781,93087200
2019-04-04,46.761837005615234,46.924327200684935,46.152491481661734,46.54677194916167,76457200
2019-04-05,47.074867248535156,47.098764578723184,46.81917967116176,46.94343922494232,74106400
2019-04-08,47.815635681152344,47.84669783165232,46.917148666525804,46.93626579941363,103526800
2019-04-09,47.67226791381836,48.472781139280634,47.60774803404576,47.86821582786071,143072800
2019-04-10,47.939903259277344,47.96858078870837,47.356843325868965,47.47632270087163,86781200
2019-04-11,47.54083251953125,48.030698582577735,47.41896489546853,47.994856236153524,83603200
2019-04-12,47.5217170715332,47.82519565149678,46.8860896796702,47.60057388268376,111042800
2019-04-15,47.60773849487305,47.75589536119135,47.31620860316894,47.452416805816696,70146400
2019-04-16,47.61252975463867,48.1191211252624,47.44764763783954,47.66271269522927,102785600
2019-04-17,48.53968048095703,48.59942015421328,47.45958616754238,47.68181600186989,115627200
2019-04-18,48.7141227722168,48.78341919378796,48.39391897587181,48.53729201415646,96783200
2019-04-22,48.87422561645508,48.97219956455611,48.35090544796784,48.46799653078765,77758000
2019-04-23,49.579158782958984,49.64367866425876,48.72368604881537,48.850333890412784,93292000
2019-04-24,49.50269317626953,49.81811681526818,49.4764075691679,49.55048419475769,70162400
2019-04-25,49.05344009399414,49.646056630323095,49.015205828109615,49.42382679653234,74172800
2019-04-26,48.81926727294922,48.98653764786853,48.29833536680541,48.9626403173569,74596400
2019-04-29,48.89334487915039,49.21832889107268,48.71412583535988,48.8431619425519,88818800
2019-04-30,47.951839447021484,48.60419564382473,47.57906447741963,48.52295056505924,186139600
2019-05-01,50.30559539794922,51.45020616804605,49.997336578817006,50.15266194888411,259309200
2019-05-02,49.97820281982422,50.814558138849286,49.734467609272336,50.14308488039862,127985200
2019-05-03,50.59950637817383,50.621011786783555,50.23628812136514,50.39400174361082,83569600
2019-05-06,49.818119049072266,49.904144344696654,48.62810549811918,48.816881305789316,129772400
2019-05-07,48.47516632080078,49.56481750590483,47.99008040853929,49.19682267965225,155054800
2019-05-08,48.48472213745117,49.06778198932402,48.209921071861906,48.24576342086202,105358000
2019-05-09,47.96379470825195,48.19319303822912,46.9936228856528,47.88732616744576,139634400
2019-05-10,47.2993278503418,47.699928903019405,46.24146450186388,47.356900113901595,164834800
2019-05-13,44.55031967163086,45.4522632218253,43.86186824428685,45.02768010823459,229722400
2019-05-14,45.25556564331055,45.50503815213908,44.475959020360506,44.715837981268216,146118800
2019-05-15,45.79768371582031,45.996783661906406,44.62227845271077,44.682248183691094,106178800
2019-05-16,45.59619140625,46.16950195223836,45.29874018957039,45.55541242384641,132125600
2019-05-17,45.33711624145508,45.792884728984006,44.79978613867689,44.84056511617059,131516400
2019-05-20,43.91943359375,44.2216833962281,43.24537436800454,44.022583439754115,154449200
2019-05-21,44.76140594482422,45.09723495377961,44.305633820942845,44.430371878666996,113459200
2019-05-22,43.84507751464844,44.54792479480895,43.789906376836115,44.29605114614716,118994400
2019-05-23,43.09664535522461,43.3077363046278,42.65286791270511,43.130228255829316,146118800
2019-05-24,42.93113708496094,43.69155293690162,42.84717798618397,43.22618717622051,94858800
2019-05-28,42.753623962402344,43.31973842722147,42.67686460222569,42.919141022494294,111792800
2019-05-29,42.54972457885742,43.0222863504974,42.218690493477034,42.31943920201413,113924800
2019-05-30,42.77041244506836,42.99349808518756,42.37940863165211,42.68645335841983,84873600
2019-05-31,41.995609283447266,42.69605537404639,41.97641852833002,42.2738660819916,108174400
2019-06-03,41.57101821899414,42.679257675463774,40.84418537283394,42.12274047568568,161584400
2019-06-04,43.091861724853516,43.137439318709454,41.86368246426907,42.0843706963889,123872000
2019-06-05,43.78749465942383,44.37520091765044,43.45166564923293,44.2048852808854,119093600
2019-06-06,44.430381774902344,44.490351515591904,43.69395160230855,43.917040941010214,90105200
2019-06-07,45.61298751831055,46.037574346491404,44.56232005334249,44.7398281596146,122737600
2019-06-10,46.195884704589844,46.865145307701894,45.965599321643666,46.01117690391253,104883600
2019-06-11,46.73080062866211,47.016257060744095,46.44054925471692,46.742795303842044,107731600
2019-06-12,46.582096099853516,47.00908035832402,46.39019219868125,46.524523831423096,73012800
2019-06-13,46.57249069213867,47.20577089232868,46.44056021480637,46.70442482973281,86698400
2019-06-14,46.2342643737793,46.4381592596896,45.6489592231439,45.94880787324303,75046000
2019-06-17,46.510128021240234,46.76680024667599,46.09753594726315,46.27264655043855,58676400
2019-06-18,47.60397720336914,48.04535359576119,46.826771742909735,47.028269183750155,106204000
2019-06-19,47.464866638183594,47.94702587314155,47.33053495529949,47.89904713474251,84496800
2019-06-20,47.846248626708984,48.12210790695719,47.50321988474283,48.06453565131109,86056000
2019-06-21,47.68313217163086,48.17968330073393,47.53200727838003,47.687930774979336,191202400
2019-06-24,47.635169982910156,48.01417922403017,47.53681871914689,47.62557277362146,72881600
2019-06-25,46.913124084472656,47.79827426131573,46.84595461664959,47.599174310237565,84281200
2019-06-26,47.92781448364258,48.213271017054275,47.34011179381618,47.44086051262108,104270000
2019-06-27,47.913414001464844,48.352392838670106,47.87263502667681,48.0453444715537,83598800
2019-06-28,47.47683334350586,47.85584245986299,47.268139863460874,47.65913999708732,124442400
2019-07-01,48.34761047363281,49.05285527976728,48.13171718956926,48.73621326057921,109012000
2019-07-02,48.63065719604492,48.72661096961243,48.30202421469893,48.314018893927646,67740800
2019-07-03,49.033653259277344,49.040849334400335,48.62106120433613,48.76258889543775,45448000
2019-07-05,48.990478515625,49.194377093814204,48.67143906259112,48.77938752178682,69062000
2019-07-08,47.980587005615234,48.31161745661008,47.59438176256944,48.17008975928739,101354400
2019-07-09,48.27324295043945,48.33800763387798,47.69033517765571,47.78388782510712,82312000
2019-07-10,48.75060272216797,48.870542208826045,48.350005275961514,48.419572227970285,71588400
2019-07-11,48.39557647705078,49.02885673658535,48.3859829299003,48.769787040376364,80767200
2019-07-12,48.76739501953125,48.93530956539922,48.50352669012259,48.56349643223705,70380800
2019-07-15,49.22555923461914,49.38387655433497,48.93530410465948,48.95689233094862,67789600
2019-07-16,49.05525207519531,49.44145738464282,48.815373091942526,49.07684030522499,67467200
2019-07-17,48.779380798339844,49.19676778472019,48.76019004513379,48.94729531356538,56430000
2019-07-18,49.33350372314453,49.38627738281287,48.863339389807166,48.93530380392419,74162400
2019-07-19,48.59706115722656,49.53498845140348,48.54189003999886,49.36467283701205,83717200
2019-07-22,49.70771408081055,49.710111552508515,48.841750963766714,48.85134451082072,89111600
2019-07-23,50.096317291259766,50.113110574099615,49.72450419968296,50.00516578241916,73420800
2019-07-24,50.055545806884766,50.170686691236945,49.69572734055431,49.815666829331136,59966400
2019-07-25,49.65974807739258,50.1922797123863,49.59018112258681,50.108320604244945,55638400
2019-07-26,49.83245849609375,50.30981530335246,49.68852965013139,49.77008762138751,70475600
2019-07-29,50.297813415527344,50.5280988040165,50.00036587821219,50.005164481793365,86693600
2019-07-30,50.08192443847656,50.412958544568326,49.729302106403715,50.07712583483784,135742800
2019-07-31,51.10380935668945,53.102001428275486,50.68642233067423,51.914601370393356,277125600
2019-08-01,49.99797439575195,52.30081408403645,49.592581991324444,51.310112718391856,216071600
2019-08-02,48.940101623535156,49.51820707839303,48.36679111201602,49.30231749976287,163448400
2019-08-05,46.37820053100586,47.6519573131319,46.195893826195025,47.493639970124235,209572000
2019-08-06,47.25615692138672,47.51282917529694,46.54611356220465,47.09063984703528,143299200
2019-08-07,47.745506286621094,47.87024436990751,46.49334149076343,46.87474815629385,133457600
2019-08-08,48.79856872558594,48.82255808256912,47.82945946381419,48.023760810487246,108038000
2019-08-09,48.396453857421875,48.822650132296985,47.98710732234036,48.47109827819087,98478800
2019-08-12,48.27365493774414,48.651697602519874,47.95340328756874,48.06657506147169,89927600
2019-08-13,50.31795883178711,51.081263786709165,48.27364747421818,48.403676318422924,188874000
2019-08-14,48.820247650146484,49.70876470572773,48.781720309041134,48.9189725839154,146189600
2019-08-15,48.57706069946289,49.39574665856941,48.07862276598958,48.99122051618837,108909600
2019-08-16,49.723209381103516,49.88213190063552,49.08270614117341,49.18865448752808,110481600
2019-08-19,50.65025329589844,51.22333184974015,50.57319861770534,50.71526404718342,97654400
2019-08-20,50.652652740478516,51.372617132463354,50.64302274414576,50.77786473781691,107537200
2019-08-21,51.201663970947266,51.444860921191584,50.951243603558915,51.285942069853526,86141600
2019-08-22,51.15831756591797,51.635081413266526,50.746564465365324,51.33409348642569,89014800
2019-08-23,48.793758392333984,51.0595965612192,48.39886234899058,50.42872331972758,187272000
2019-08-26,49.72079849243164,49.88935099513385,49.37646639661162,49.56909940291515,104174400
2019-08-27,49.15975570678711,50.21682513114525,49.0080566199062,50.05067921202214,103493200
2019-08-28,49.489646911621094,49.535397672061855,48.95750222501035,49.14531842901057,63755200
2019-08-29,50.32759094238281,50.40223903898198,49.76173581076194,50.20478918362739,83962000
2019-08-30,50.262577056884766,50.674326482082,49.891757874550635,50.604498899890494,84573600
2019-09-03,49.530582427978516,49.83879383287041,49.1742136799791,49.706358383697385,80092000
2019-09-04,50.37093734741211,50.44076493705066,49.92066053786811,50.178304319411076,76752400
2019-09-05,51.355770111083984,51.52191605519389,50.92957012499807,51.0475587296686,95654800
2019-09-06,51.350948333740234,51.63026601944907,51.17035557259266,51.54117476635039,77449200
2019-09-09,51.570064544677734,52.11665962264547,50.823616726041855,51.73139362490712,109237600
2019-09-10,52.17927551269531,52.198539184328496,50.97773384720419,51.49543170348089,127111600
2019-09-11,53.838321685791016,53.86721903063329,52.4272898726223,52.50916139647741,177158400
2019-09-12,53.71792221069336,54.51975457547197,53.662541454928665,54.129675355805944,128906800
2019-09-13,52.67289352416992,53.164104263143614,52.25632721215194,52.97388148716518,159053200
2019-09-16,52.94979476928711,53.0051791933835,52.38634625045487,52.42728016772022,84632400
2019-09-17,53.142433166503906,53.17133050892715,52.76198394642771,52.96425064671275,73274800
2019-09-18,53.640865325927734,53.660128994119724,52.83903304901028,53.2291122259332,101360000
2019-09-19,53.20504379272461,53.8792539149976,53.0629746766596,53.45787075149218,88242400
2019-09-20,52.427284240722656,53.5903021245644,52.364680069600674,53.3061712623539,221652400
2019-09-23,52.66565704345703,52.93534101567237,52.408009647440295,52.721037786143704,76662000
2019-09-24,52.415245056152344,53.57344980178492,52.29726012839584,53.22189425113329,124763200
2019-09-25,53.221893310546875,53.335065074389966,52.28521895124107,52.62473424277033,87613600
2019-09-26,52.94739532470703,53.200225952875144,52.69215811549392,52.97388241288026,75334000
2019-09-27,52.68974685668945,53.20503806562803,52.318927655185426,53.10390288400387,101408000
2019-09-30,53.9298210144043,54.0767032912969,53.1641057052064,53.190592793635226,103909600
2019-10-01,54.079097747802734,54.95316779581715,53.985189668822,54.194679748216515,139223200
2019-10-02,52.72346496582031,53.83591538249209,52.475447485978464,53.710703351981884,138449200
2019-10-03,53.171329498291016,53.20504000200288,51.80123175069933,52.59583700593172,114426000
2019-10-04,54.66181182861328,54.77739383312959,53.910547170101694,54.331930250207414,138478800
2019-10-07,54.673858642578125,55.364925801166926,54.38009410896721,54.483635874503506,122306000
2019-10-08,54.03335952758789,54.91465319570747,54.01650611164179,54.375285098718564,111820000
2019-10-09,54.6666374206543,54.84963677919844,54.3319389532385,54.6666374206543,74770400
2019-10-10,55.40345764160156,55.48773574425298,54.73165409816712,54.88334953910222,113013600
2019-10-11,56.87708282470703,57.22141121701625,55.93799837681441,56.09210403389139,166795600
2019-10-14,56.795223236083984,57.3394118222186,56.5062755277323,56.56165628390875,96427600
2019-10-15,56.66279983520508,57.22383824525877,56.55685146919957,56.92044365783664,87360000
2019-10-16,56.434043884277344,56.643534027045355,56.152319562109874,56.19325348849285,73903200
2019-10-17,56.65315246582031,56.86263889167149,56.22936277841763,56.6074017120898,67585200
2019-10-18,56.92524337768555,57.20696762575861,56.414765374444315,56.48700320901485,97433600
2019-10-21,57.91249084472656,58.02807286828486,57.14437264703203,57.19252998642991,87247200
2019-10-22,57.78005599975586,58.31942405093042,57.698184485557476,58.06900369490928,82293600
2019-10-23,58.55539321899414,58.56984372572113,58.08344620931156,58.295342884612566,75828800
2019-10-24,58.6517219543457,58.945486515651,58.22552194750612,58.87565524701943,69275200
2019-10-25,59.37407684326172,59.41019392116646,58.48315340464774,58.55057439951569,73477200
2019-10-28,59.96883773803711,60.01699507347286,59.407795778496116,59.57634828960584,96572800
2019-10-29,58.581878662109375,60.13738583425639,58.40851300210187,59.94956966792677,142839600
2019-10-30,58.57465744018555,59.0658717968088,58.0810401770053,58.93584295422127,124522000
2019-10-31,59.89900588989258,59.997730814775515,57.12991687660738,59.533007204842754,139162000
2019-11-01,61.5989990234375,61.62548243900126,59.99533415230634,60.08683200161048,151125200
2019-11-04,62.003517150878906,62.08779524580024,61.49304276793399,61.96257955677247,103272000
2019-11-05,61.914432525634766,62.16966974444476,61.71939290273919,61.895165179872116,79897600
2019-11-06,61.94091033935547,62.00110792982626,61.49063353836815,61.82773857533684,75864400
2019-11-07,62.65578842163086,62.877983882065635,62.336989123337645,62.48914366890488,94940400
2019-11-08,62.827266693115234,62.89971772722084,62.03268595722276,62.477069497337645,69986400
2019-11-11,63.32478713989258,63.389993074388805,62.378051806788186,62.382879419209914,81821200
2019-11-12,63.26681900024414,63.46727915715043,63.01565048685888,63.167797667497766,87388800
2019-11-13,63.87302780151367,63.94789634080761,63.05188399059845,63.066374200113295,102734400
2019-11-14,63.431053161621094,63.97204056534304,63.30063392308077,63.69912937208669,89182800
2019-11-15,64.1845703125,64.18939792465517,63.52040880635377,63.68221857315436,100206400
2019-11-18,64.50818634033203,64.5878824646566,63.81504453731903,64.194214713577,86703200
2019-11-19,64.31256866455078,64.72555427926248,64.09520820261831,64.7014014789589,76167200
2019-11-20,63.563899993896484,64.26186975176671,62.89007567501487,64.13145784777876,106234400
2019-11-21,63.278907775878906,63.76193441926924,63.07844759144699,63.684648387430386,121395200
2019-11-22,63.223350524902344,63.56146766625346,62.99632743633783,63.41897570562695,65325200
2019-11-25,64.33190155029297,64.34880925150556,63.40207379882107,63.447961919025765,84020400
2019-11-26,63.82953643798828,64.52267825942127,63.397225673493445,64.46954505165989,105207600
2019-11-27,64.68692779541016,64.72074319855238,64.07589938069799,64.14110532481291,65235600
2019-11-29,64.54443359375,64.72556858044902,64.21838914361147,64.38745141269115,46617600
2019-12-02,63.79814147949219,64.78592979489937,63.626669134427246,64.54924415479319,94487200
2019-12-03,62.66063690185547,62.6799547254282,61.89745388869775,62.38530816573062,114430400
2019-12-04,63.21368408203125,63.59286170372662,62.95768059270328,63.05187431049022,67181600
2019-12-05,64.14110565185547,64.21598156342334,63.452798571483335,63.70880210651617,74424400
2019-12-06,65.38004302978516,65.45008392869724,64.55648204866993,64.5999600306422,106075600
2019-12-09,64.46473693847656,65.40180240453456,63.97929281939081,65.20859470172705,128042400
2019-12-10,64.84147644042969,65.22548160232219,64.20870556916125,64.87045684956888,90420400
2019-12-11,65.3945541381836,65.47425765527915,64.84632159591263,64.92119012991083,78756800
2019-12-12,65.56118774414062,65.82685380522655,64.56132667656246,64.67242071287119,137310400
2019-12-13,66.4523696899414,66.48859520359403,65.43318347358382,65.56118520208942,133587600
2019-12-16,67.58989715576172,67.8145100882346,66.8943451606707,66.89917277250892,128186000
2019-12-17,67.72273254394531,68.05118703210448,67.33389237179259,67.51986229471765,114158400
2019-12-18,67.56092834472656,68.08259795841981,67.41119127763334,67.57541855312907,116028400
2019-12-19,67.62853240966797,67.90868864256628,67.37011885354875,67.50294818267172,98369200
2019-12-20,67.48845672607422,68.26371212084373,67.27592390710218,68.16228069295175,275978000
2019-12-23,68.58975982666016,68.65013813636672,67.71306559045694,67.75170859311704,98572000
2019-12-24,68.65497589111328,68.80472031244457,68.32893886684734,68.75641470938284,48478800
2019-12-26,70.01710510253906,70.0340127984304,68.75882317129982,68.78780358117109,93121200
2019-12-27,69.99056243896484,70.99767630190148,69.58482179982006,70.30936181417954,146266000
2019-12-30,70.40594482421875,70.68851858911005,68.88441419283483,69.90842808466655,144114400
2019-12-31,70.92037200927734,70.9276171127399,69.9229210003308,70.02194232791922,100805600
2020-01-02,72.53852081298828,72.59889913772518,71.29231130597061,71.5458973217052,135480400
2020-01-03,71.83329772949219,72.59406313642577,71.60869213351766,71.76567430155144,146322800
2020-01-06,72.4056625366211,72.44430553740506,70.7029972337209,70.95417305361724,118387200
2020-01-07,72.06513977050781,72.67133299565539,71.84536183598526,72.41532954893665,108872000
2020-01-08,73.22441864013672,73.52631026770732,71.76809372355218,71.76809372355218,132079200
2020-01-09,74.77976989746094,74.97297760387046,73.95138098488776,74.20254952913984,170108400
2020-01-10,74.94879913330078,75.51394659034878,74.44645484641248,75.01401242394427,140644800
2020-01-13,76.55005645751953,76.57662675415311,75.14686472001775,75.26521125345613,121532000
2020-01-14,75.5163803100586,76.69738393857047,75.39321353332888,76.48726853727727,161954400
2020-01-15,75.19273376464844,76.19742976100052,74.76042298692015,75.31590787968373,121923600
2020-01-16,76.1346435546875,76.24574496948411,75.3738782015038,75.73614811924845,108829200
2020-01-17,76.9775161743164,76.97992629479913,76.07666915290817,76.3833883085302,137816400
2020-01-21,76.45586395263672,77.04756709065205,76.31819960849738,76.6056010131108,110843200
2020-01-22,76.728759765625,77.2818197819215,76.63456606365708,76.94128522699003,101832400
2020-01-23,77.09829711914062,77.17799326899588,76.23367533614605,76.78191527056143,104472000
2020-01-24,76.87608337402344,78.08847725706723,76.68528583944577,77.34461967692074,146537600
2020-01-27,74.61553192138672,75.29659377968004,73.63257108817264,74.88360812840847,161940000
2020-01-28,76.72636413574219,76.89783652233591,75.39804092914581,75.49706227081296,162234000
2020-01-29,78.3324203491211,79.1801343637196,77.6175430675433,78.35899064388555,216229200
2020-01-30,78.21888732910156,78.27202053364006,76.98234079118615,77.4146515294585,126743200
2020-01-31,74.75079345703125,77.93151989975665,74.4561468983136,77.50887157038966,199588400
2020-02-03,74.54547882080078,75.71198454702287,72.99013293890515,73.49247724374133,173788400
2020-02-04,77.00650024414062,77.19729777289353,75.7458008005722,76.15154128644726,136616400
2020-02-05,77.63444519042969,78.43385354098093,77.03066200298008,78.13437206813377,118826800
2020-02-06,78.54254150390625,78.54495899553537,77.34705504130429,77.90495019793212,105425600
2020-02-07,77.47492980957031,78.29076000098544,76.98349458931148,78.04141124169928,117684000
2020-02-10,77.84288787841797,77.84288787841797,75.97882681770385,76.05871208817942,109348800
2020-02-11,77.37323760986328,78.41179042644524,77.15536130814662,78.33916745517011,94323200
2020-02-12,79.210693359375,79.215532428976,77.82353527181141,77.82353527181141,113730400
2020-02-13,78.64662170410156,78.97343988034811,78.27865296968668,78.48200469564426,94747600
2020-02-14,78.66600036621094,78.91534913157656,78.15761730819476,78.61515688888446,80113600
2020-02-18,77.22559356689453,77.40715844205181,76.16283028478497,76.34439515994225,152531200
2020-02-19,78.34400939941406,78.57399446337855,77.46765770370357,77.46765770370357,93984000
2020-02-20,77.54027557373047,78.59335295390206,77.0343158542038,78.1043410564765,100566000
2020-02-21,75.78515625,77.57660179653178,75.16783878997336,77.13357947900434,129554000
2020-02-24,72.18534851074219,73.63786746473984,70.01867883709842,71.9626330750162,222195200
2020-02-25,69.74026489257812,73.23841723217687,69.26820072326095,72.85592387195561,230673600
2020-02-26,70.84659576416016,72.11271051529036,69.35776562363947,69.3650279213828,198054800
2020-02-27,66.2154769897461,69.23671826456818,66.07990918137826,68.05049624740387,320605600
2020-02-28,66.17676544189453,67.39930676148282,62.06371796292895,62.27917850501872,426510000
2020-03-02,72.33785247802734,72.97454103190371,67.23225006740749,68.33616370279057,341397200
2020-03-03,70.04046630859375,73.5942942720579,69.18831712034967,73.51440897960677,319475600
2020-03-04,73.28926086425781,73.44903883256075,70.962813265488,71.76411894811032,219178400
2020-03-05,70.91195678710938,72.51698353207479,70.54640393192855,71.54137556338232,187572800
2020-03-06,69.97025299072266,70.403589845972,68.08198145661343,68.26838538116881,226176800
2020-03-09,64.43616485595703,67.32183170470427,63.66874742529087,63.8503122943744,286744800
2020-03-10,69.07695007324219,69.34324665860709,65.21082898559138,67.09184552066098,285290000
2020-03-11,66.67788696289062,68.07956995144926,65.8136363324186,67.15238185093062,255598800
2020-03-12,60.09312438964844,65.36334796143669,60.037445534949256,61.959612728994784,418474000
2020-03-13,67.29276275634766,67.76483423256263,61.23575946723115,64.12627561961224,370732000
2020-03-16,58.635765075683594,62.7197589173465,58.10075235573811,58.572820229839216,322423600
2020-03-17,61.21397399902344,62.36388083182577,57.71340264383957,59.91881013868682,324056000
2020-03-18,59.715457916259766,60.521606153497835,57.40353182240701,58.045063064001496,300233600
2020-03-19,59.25791931152344,61.20913545401907,58.732592172693536,59.88976507646557,271857200
2020-03-20,55.495887756347656,60.96461865472162,55.195699290037666,59.83891467651813,401693200
2020-03-23,54.31694030761719,55.31675861475192,51.47000473892812,55.21508274022157,336752800
2020-03-24,59.766300201416016,59.96238962255932,56.72085240856594,57.21954987318864,287531200
2020-03-25,59.437068939208984,62.518828553443576,59.14172316127237,60.70318009593795,303602000
2020-03-26,62.564823150634766,62.62292153490078,59.640418371654654,59.679153090462734,252087200
2020-03-27,59.97449493408203,61.942655145225594,59.80745470235101,61.18734664760273,204216800
2020-03-30,61.686058044433594,61.8579410780005,60.37636924446907,60.70076794909207,167976400
2020-03-31,61.56016159057617,63.545269736802034,61.00578524680458,61.877297942194495,197002000
2020-04-01,58.321048736572266,60.21174335831203,57.890135142365466,59.67431113291772,176218400
2020-04-02,59.29423904418945,59.34749836465027,57.35028492920916,58.18306300120028,165934000
2020-04-03,58.442100524902344,59.48064994321993,57.85140889738694,58.77860059874803,129880000
2020-04-06,63.540428161621094,63.69535964141811,60.37151755059765,60.73948627952092,201820400
2020-04-07,62.80448913574219,65.77489475614705,62.70039373005676,65.55701102978264,202887200
2020-04-08,64.41193389892578,64.726643281739,63.240236542570365,63.60578200367688,168895200
2020-04-09,64.87675476074219,65.38029878683781,64.080295544256,65.04864148440106,161834800
2020-04-13,66.15013122558594,66.25907309767462,64.35384627795469,64.95422341312944,131022800
2020-04-14,69.49092102050781,69.78142775121215,67.31214270390448,67.78421429432576,194994800
2020-04-15,68.85664367675781,69.3166064306414,67.93671816899065,68.36520850392205,131154400
2020-04-16,69.40376281738281,69.7693157098203,68.35310854308584,69.57080305380181,157125200
2020-04-17,68.46206665039062,69.46673164438027,67.02407209381113,68.9196137310725,215250000
2020-04-20,67.0409927368164,68.1909032698828,67.02162907324754,67.28792562164121,130015200
2020-04-21,64.96873474121094,67.11846344497374,64.25700003826536,66.8836393098129,180991600
2020-04-22,66.8400650024414,67.2758176226008,65.89592940016834,66.23726476615465,116862400
2020-04-23,66.58103942871094,68.20786075083029,66.54230470819708,66.7843911704893,124814400
2020-04-24,68.50321197509766,68.51289750296907,67.05795538482593,67.10637563628991,126161200
2020-04-27,68.5516357421875,68.88329305683456,67.77211693615625,68.21997103964695,117087600
2020-04-28,67.44044494628906,69.19557183776718,67.3484582943587,69.01400698692461,112004800
2020-04-29,69.65554809570312,70.12519647509855,68.72593686507632,68.92928862916094,137280800
2020-04-30,71.125,71.30172577794379,69.80563320705274,70.19538886698345,183064000
2020-05-01,69.97993469238281,72.38385146458401,69.2004159964793,69.29724910279991,240616800
2020-05-04,70.97006225585938,71.09836777466262,69.31419187836596,70.0041397159612,133568000
2020-05-05,72.03523254394531,72.86801039665262,71.28476318520556,71.43001651075052,147751200
2020-05-06,72.77845001220703,73.41029209502018,72.35237549978946,72.73729206539267,142333600
2020-05-07,73.5313491821289,73.8775384826827,73.102858748214,73.40546686513248,115215200
2020-05-08,75.28150177001953,75.33490525251078,73.86389080775889,74.19159365905105,133838400
2020-05-11,76.46609497070312,76.96128289724894,74.57998648849065,74.78874828363153,145946400
2020-05-12,75.59221649169922,77.60211807775983,75.47084560508229,77.15061452744153,162301200
2020-05-13,74.67951965332031,76.69428120977256,73.60174537683079,75.77185784641975,200622400
2020-05-14,75.13829040527344,75.19897584845612,73.19392643517533,73.91729958475361,158929200
2020-05-15,74.69406127929688,74.74018280409528,72.8734981674341,72.9074855679762,166348400
2020-05-18,76.4539566040039,76.82778105681554,75.32763848421635,76.01945410801251,135178400
2020-05-19,76.01216125488281,77.31810575212776,75.98060363958615,76.47093934712166,101729600
2020-05-20,77.4904556274414,77.56084540499204,76.8326201163857,76.87145968739159,111504800
2020-05-21,76.9127426147461,77.89342158394717,76.67485297832786,77.3521046904153,102688800
2020-05-22,77.40792083740234,77.49045214412094,76.54861296126474,76.65056034866812,81803200
2020-05-26,76.88360595703125,78.70659167112338,76.82777268129091,78.5269651260588,125522000
2020-05-27,77.21857452392578,77.36422105547973,76.00001360596808,76.74038038807967,112945200
2020-05-28,77.2525863647461,78.51241703823543,76.61660396391109,76.89332579430749,133560800
2020-05-29,77.17733001708984,77.95652913635216,76.82049926768882,77.49532118877264,153532400
2020-06-01,78.1264419555664,78.24781284336196,77.00011656103608,77.13119919406478,80791200
2020-06-02,78.48812103271484,78.5123966906775,77.41762896521124,77.85942075330303,87642800
2020-06-03,78.92020416259766,79.18236942622238,78.23567058388883,78.80854502107137,104491200
2020-06-04,78.24053955078125,79.04158453578323,77.8667151007641,78.74301685979307,87560400
2020-06-05,80.4688949584961,80.52958039964126,78.46142323225453,78.49055105874169,137250400
2020-06-08,80.9446792602539,80.97866666833863,79.45424844734958,80.16548014966298,95654400
2020-06-09,83.50074005126953,83.89398053792564,80.59269835430385,80.62425597002903,147712400
2020-06-10,85.64901733398438,86.11750723835495,84.01051015507953,84.44987222819896,166651600
2020-06-11,81.53697204589844,85.21693875406713,81.43502463468259,84.79214058891952,201662400
2020-06-12,82.24090576171875,84.42558161332404,81.12915175448484,83.67794024802434,200146000
2020-06-15,83.25799560546875,83.91097154593938,80.73105294291301,80.8936931849323,138808800
2020-06-16,85.46451568603516,85.73639268013275,83.67793988645191,85.31401697994849,165428800
2020-06-17,85.3455810546875,86.27042663858354,85.22421016537945,86.20974119392952,114406400
2020-06-18,85.37956237792969,85.79707850372552,84.77027818647716,85.3018832364117,96820400
2020-06-19,84.89163208007812,86.5519845063577,83.78230067490634,86.08592456629107,264476000
2020-06-22,87.11273956298828,87.25595632121572,85.23877276466217,85.2848942945191,135445200
2020-06-23,88.97213745117188,90.39217823600704,87.93805517776225,88.35800109154899,212155600
2020-06-24,87.40160369873047,89.520742080351,87.02777928766403,88.60074867063001,192623200
2020-06-25,88.56189727783203,88.6007368459442,86.79716746009711,87.5569503065316,137522400
2020-06-26,85.84078979492188,88.67844222378581,85.69271343468253,88.45754628171883,205256800
2020-06-29,87.81912994384766,87.91380280361521,85.27034099055639,85.74854264287053,130646000
2020-06-30,88.55219268798828,88.83863359997088,87.38703518205058,87.40645126373022,140223200
2020-07-01,88.38470458984375,89.1736153626138,88.33616067933104,88.62987615436822,110737200
2020-07-02,88.38470458984375,89.92854613881406,88.27062306658787,89.29256387033587,114041600
2020-07-06,90.7490234375,91.21751333373977,89.78290840638297,89.81446602565468,118655600
2020-07-07,90.46744537353516,91.90690252276751,90.35578621562384,91.12770339021912,112424400
2020-07-08,92.57443237304688,92.60598999002299,91.35829367263958,91.44568456641123,117092000
2020-07-09,92.97252655029297,93.52111790635368,91.92388033894679,93.46771442129742,125642800
2020-07-10,93.13516235351562,93.19342541681863,91.9554408840775,92.56714748957603,90257200
2020-07-13,92.70551300048828,97.0530191182004,92.49189905133328,94.44111522553601,191649200
2020-07-14,94.23963928222656,94.43139994531549,91.15196369614016,92.08651357687286,170989200
2020-07-15,94.88777160644531,96.3660683335281,93.68862647798679,96.11604456670572,153198000
2020-07-16,93.72018432617188,94.57706261725646,93.12061176048546,93.75902390463283,110577600
2020-07-17,93.53083038330078,94.32702308898628,93.05748097078398,94.17167220899177,92186800
2020-07-20,95.50191497802734,95.64027959696287,93.27354678967762,93.61824344262168,90318000
2020-07-21,94.1838150024414,96.36849112363207,93.93379125377636,96.29324176097793,103433200
2020-07-22,94.44840240478516,95.13050624366167,93.79785618394567,93.88523967276372,89001600
2020-07-23,90.1494369506836,94.25905321228731,89.33868035280699,94.18137407038651,197004400
2020-07-24,89.92613220214844,90.27082884463798,86.55687456880528,88.34588799765626,185438800
2020-07-27,92.0573959350586,92.14963900239098,90.76601521608015,90.98933351898751,121214000
2020-07-28,90.54512023925781,91.80495076068121,90.54026066225798,91.62774658169793,103625600
2020-07-29,92.28071594238281,92.4652020656453,90.9917576836522,91.02816746906157,90329200
2020-07-30,93.3973388671875,93.50171606500183,91.0451701940575,91.45297464683811,158130000
2020-07-31,103.17496490478516,103.32546361824967,97.89775374108596,99.89795098088912,374336800
2020-08-03,105.77471923828125,108.39632721665906,104.76006048509976,105.05862810128014,308151200
2020-08-04,106.4811019897461,107.5734399165085,105.24068773636387,105.96406085248272,173071600
2020-08-05,106.86707305908203,107.18749399981073,105.73589542861245,106.20196292493524,121776800
2020-08-06,110.5955810546875,111.09077637005811,106.60976509533027,107.19962585470167,202428800
2020-08-07,108.08110046386719,110.57368961748969,107.28347223155788,110.11651110240133,198045600
2020-08-10,109.65204620361328,110.67096868829299,106.99895752533313,109.52802230986417,212403600
2020-08-11,106.3910140991211,109.41373301574056,106.13081029496767,108.91521808960395,187902400
2020-08-12,109.92684936523438,110.18461900895711,107.2883506394418,107.48289124635573,165598000
2020-08-13,111.87226104736328,112.87659322672799,110.81929001611167,111.30808301896154,210082000
2020-08-14,111.77256774902344,111.86254295487012,109.96087794353791,111.69718271594931,165565200
2020-08-17,111.48074340820312,112.92036888745733,110.85334374924851,112.89604946040544,119561600
2020-08-18,112.40969848632812,112.83526251521093,110.89712204110621,111.23271086271058,105633600
2020-08-19,112.55074310302734,113.96604930230188,112.45590697529136,112.81824198590108,145538000
2020-08-20,115.04817199707031,115.16246660831675,112.57503431169373,112.5920586502561,126907200
2020-08-21,120.97691345214844,121.46083817482683,115.99659572706068,116.00875173086001,338054800
2020-08-24,122.42383575439453,125.27147262052793,120.55621925237116,125.18635090264807,345937600
2020-08-25,121.41948699951172,121.76480505707879,119.69534572328152,121.29547053607867,211495600
2020-08-26,123.07068634033203,123.52786489142996,121.66997034058484,122.73753168290901,163022400
2020-08-27,121.59944152832031,124.006916347084,120.45406109540708,123.67376172285445,155552400
2020-08-28,121.40245056152344,122.99283844219072,121.17872225549515,122.57456959102606,187630000
2020-08-31,125.51950073242188,127.42603418683149,122.56244509573105,124.09934102961832,225702700
2020-09-01,130.519287109375,131.12238232990026,126.96887253695941,129.13802940462026,151948100
2020-09-02,127.81510925292969,134.21559397124165,123.53515699483128,133.83623463401244,200119000
2020-09-03,117.58210754394531,125.32493919241067,117.21247750644518,123.44760124139313,257599600
2020-09-04,117.65995788574219,120.32520288986133,107.86468879703277,116.79423953672631,332607200
2020-09-08,109.74202728271484,115.74369462203643,109.60584737773415,110.84119577898701,231366600
2020-09-09,114.11925506591797,115.88960121264321,112.11545871886855,114.06089437114895,176940500
2020-09-10,110.39373016357422,117.21248334746296,109.43074171443638,117.07630346258478,182274400
2020-09-11,108.94440460205078,112.08628667869145,106.99896880558559,111.4442893036586,180860300
2020-09-14,112.21272277832031,112.76717161154352,109.72256765665087,111.59018399790295,140150100
2020-09-15,112.38780975341797,115.58805204226122,110.51046419860256,115.10169316714062,184642000
2020-09-16,109.07084655761719,112.83526719517445,108.98330551595791,112.08627773862457,154679000
2020-09-17,107.32968139648438,109.13893714718215,105.74415401119464,106.72660109375049,178011000
2020-09-18,103.92518615722656,107.8549677148158,103.19564766705837,107.38806723700776,287104900
2020-09-21,107.0767593383789,107.1837588722249,100.28718696193107,101.68790273500836,195713800
2020-09-22,108.75956726074219,109.78092384803477,106.18187120745131,109.60583435939168,183055400
2020-09-23,104.1975326538086,109.05139236274285,103.85707548927341,108.57476272214053,150718700
2020-09-24,105.26752471923828,107.24214072616157,102.13537212015387,102.300732370106,167743300
2020-09-25,109.21674346923828,109.37238186529035,104.73251422513682,105.4717817638898,149981400
2020-09-28,111.82363891601562,112.17381792247089,109.70311378636897,111.87227777517529,137672400
2020-09-29,110.97737121582031,112.16408812965686,110.4715612207209,111.4248279384537,99382200
2020-09-30,112.65043640136719,114.06088154339487,110.52018964814512,110.68554987889233,142675200
2020-10-01,113.60371398925781,114.50834184995564,112.66990578164197,114.430522644009,116120400
2020-10-02,109.93655395507812,112.22244654459766,109.15838422824464,109.81010332254509,144712000
2020-10-05,113.32164001464844,113.4675491899042,110.4521250600303,110.80230411214458,106243800
2020-10-06,110.07275390625,112.9519978108433,109.18757711311163,112.54345067949198,161498200
2020-10-07,111.94037628173828,112.3975548762922,111.01628983580524,111.49292694400957,96849000
2020-10-08,111.83336639404297,113.22435314166701,111.46372888130158,113.07844398775582,83477200
2020-10-09,113.77880096435547,113.80798131062522,111.78472652844798,112.13490552618049,100506900
2020-10-12,121.006103515625,121.76482226057634,116.02578539059424,116.78450413554557,240226800
2020-10-13,117.79612731933594,121.96908768608209,116.38568943923732,121.85235887523848,262330500
2020-10-14,117.88367462158203,119.67347184273211,116.35650794568298,117.69885586154554,150712000
2020-10-15,117.416748046875,117.89337762313299,114.92659320785734,115.48104197814634,112559200
2020-10-16,115.77288818359375,118.23387085304897,115.56861830280876,117.97123284829036,115393800
2020-10-19,112.8157958984375,117.13465720214423,112.5045265484294,116.68720797533548,120639300
2020-10-20,114.30406188964844,115.73395813213436,112.4753478178989,113.0297966240417,124423700
2020-10-21,113.68153381347656,115.47133103249566,113.27298669065874,113.4869857975519,89946000
2020-10-22,112.59209442138672,114.81961925340501,111.46373812027767,114.2457118461172,101988000
2020-10-23,111.90147399902344,113.37028018331699,111.16220627814569,113.21464174892209,82572600
2020-10-26,111.91118621826172,113.37026292295224,109.80038294532771,110.89955881245987,111850700
2020-10-27,113.41889190673828,114.08034029540528,111.41509565044463,112.3391745749253,92276800
2020-10-28,108.16622161865234,112.28082137684017,108.06895131820131,111.91119126662696,143937800
2020-10-29,112.17382049560547,113.73989680449655,109.13893817712592,109.30430584931332,146129200
2020-10-30,105.89006805419922,108.93467231945372,104.78117027471363,108.03004440237355,190272600
2020-11-02,105.80252075195312,107.66041546863478,104.392082791657,106.13324869085784,122866900
2020-11-03,107.42694091796875,108.44829000986326,105.76359460724328,106.66822232934803,107624400
2020-11-04,111.81390380859375,112.43644258276989,109.28483911084726,111.02600479592498,138235500
2020-11-05,115.7825927734375,116.35650010587017,113.68152628924997,114.73205582071998,126387100
2020-11-06,115.65105438232422,116.14799095011887,113.1565957663913,115.29052521485966,114457900
2020-11-09,113.34173583984375,118.86655905479424,113.0786522061061,117.41471118065078,154515300
2020-11-10,113.00070190429688,114.57921861893705,111.20780945261693,112.59145738080137,138023400
2020-11-11,116.4305648803711,116.56697971266742,113.45866182357159,114.18945875403799,112295000
2020-11-12,116.15774536132812,117.44394777392753,115.5341325209194,116.55725128655479,103162300
2020-11-13,116.20646667480469,116.60596516096147,114.85205685711352,116.38185824859463,81581900
2020-11-16,117.2198486328125,117.89217685699917,115.12489562341473,115.87517731633525,91183000
2020-11-17,116.3331298828125,117.58035548799745,115.91413933412841,116.48903680048612,74271000
2020-11-18,115.00797271728516,116.75214266209578,114.97874202316832,115.57312425038518,76322100
2020-11-19,115.6023178100586,116.01156226433912,113.81917170120055,114.57919924030725,74113000
2020-11-20,114.33560943603516,115.72899584722249,114.28689410227584,115.6023270585875,73604300
2020-11-23,110.93497467041016,114.60845147390663,110.83753656463605,114.17971488763942,127959300
2020-11-24,112.2211685180664,112.88375799495019,109.70722543512055,110.99343509676294,113874200
2020-11-25,113.05915832519531,113.760724582734,112.22117723247423,112.59145244287018,76499200
2020-11-27,113.6048355102539,114.48179346992426,113.24431371809374,113.58535085961773,46691300
2020-11-30,116.00184631347656,117.87268484188316,113.8191939296174,113.97510085734369,169410200
2020-12-01,119.57787322998047,120.30867019893745,116.93726107423544,117.91165703284473,127728200
2020-12-02,119.92865753173828,120.21123325455888,117.79472798281287,118.89579275045067,89004200
2020-12-03,119.792236328125,120.61072532946784,119.08092403824773,120.35738030969706,78967600
2020-12-04,119.11990356445312,119.7142856820755,118.40859125787107,119.46094065635505,78260400
2020-12-07,120.58150482177734,121.38050924323434,119.11991082393762,119.17837220495473,86712000
2020-12-08,121.19536590576172,121.78000942455122,119.93839423484614,121.18562729875275,82225500
2020-12-09,118.66192626953125,122.72515520882723,117.90189869056083,121.3415148761349,115089200
2020-12-10,120.08455657958984,120.69843079499793,117.07367661772612,117.41471371847992,81312200
2020-12-11,119.27581787109375,119.61685498411975,117.46344071723955,119.29530252010173,86939800
2020-12-14,118.66192626953125,120.19172746757567,118.42807334539813,119.46093057486559,79184500
2020-12-15,124.60574340820312,124.62523548902008,120.95175883034318,121.15638107461726,157243700
2020-12-16,124.53755950927734,125.08321893037582,123.31956442000251,124.14780702795105,98208600
2020-12-17,125.4047622680664,126.2622355061444,124.76165733950789,125.59963849451057,94359800
2020-12-18,123.41698455810547,125.79451286164254,122.89080989581198,125.65809803446096,192541500
2020-12-21,124.9468002319336,125.02475369942195,120.28918834325576,121.81898983096859,121251600
2020-12-22,128.50335693359375,130.9685777717825,126.33044301842824,128.24026583476893,168904800
2020-12-23,127.6069107055664,129.03925919185082,127.43151168864978,128.7761829686311,88223700
2020-12-24,128.5910186767578,130.0428738137408,127.74329906375385,127.95766733547217,54930100
2020-12-28,133.1902313232422,133.8235829648047,130.0916433881317,130.55936431259468,124486200
2020-12-29,131.4167938232422,135.23642465149393,130.90036509315357,134.51538107187807,121047300
2020-12-30,130.29623413085938,132.50811721089653,129.9844202745973,132.10861128309938,96452100
2020-12-31,129.2926025390625,131.2901172342019,128.34743726674927,130.6470123311244,99116600
2021-01-04,126.09659576416016,130.18905617994074,123.51444475784658,130.10136410422703,143301900
2021-01-05,127.65558624267578,128.36690586965622,125.14164333709634,125.5898719394662,97664900
2021-01-06,123.35852813720703,127.69459465788168,123.14415983466812,124.44985429829092,155088000
2021-01-07,127.56792449951172,128.25975221212653,124.58627507251094,125.0734730800105,109578200
2021-01-08,128.6690216064453,129.2341731884752,126.89561337992673,129.03928205334992,105158200
2021-01-11,125.67757415771484,126.83710761276025,125.20986830687416,125.88220383076441,100384500
2021-01-12,125.5021743774414,126.36938599195193,123.61184426156252,125.20985268160773,91951100
2021-01-13,127.53868103027344,128.08434036510624,125.20013677581811,125.46321296847564,88636800
2021-01-14,125.609375,127.64585879719884,125.46320669883724,127.45098259708287,90221800
2021-01-15,123.88468933105469,126.88583037094017,123.74827450506447,125.48269795041179,111598500
2021-01-19,124.55703735351562,125.4145105561259,123.68982554382202,124.50831458189415,90757300
2021-01-20,128.64952087402344,129.09774963934194,125.25862647781936,125.36581064769301,104319500
2021-01-21,133.36558532714844,136.0938972964428,130.1695674073792,130.3741971240205,120150900
2021-01-22,135.50927734375,136.26930513798973,131.5629700317484,132.79070380672675,114459400
2021-01-25,139.26065063476562,141.3750878076961,133.04400046392547,139.40681893054085,157611700
2021-01-26,139.4945831298828,140.60539435899304,137.75040536105467,139.92331989692678,98390600
2021-01-27,138.4226837158203,140.60533595593498,136.81493637532154,139.7576013848175,140843800
2021-01-28,133.57992553710938,138.35447419549072,133.19991174456135,135.94771521998626,142621100
2021-01-29,128.58128356933594,133.2388945668448,126.8760908230651,132.35219077043976,177523800
2021-02-01,130.70550537109375,131.91376200881854,127.57768703435836,130.32549144869654,106239800
2021-02-02,131.53372192382812,132.81991691760996,131.16344668453948,132.25476545115475,83305400
2021-02-03,130.51060485839844,132.29375135316877,130.18905238870838,132.28399787741546,89880900
2021-02-04,133.87228393554688,133.88202254434577,131.14397179324723,132.81019572037076,84183100
2021-02-05,133.45751953125,134.1015854508509,132.57925865202728,134.033283551068,75693800
2021-02-08,133.6039276123047,133.65272320012699,131.66197638343067,132.74517291566528,71297200
2021-02-09,132.7256317138672,134.5504851694013,132.56950670280034,133.3209020588762,76774200
2021-02-10,132.12060546875,133.6819746696006,131.15450660056266,133.18428060554035,73046600
2021-02-11,131.8668670654297,133.09643505279266,130.53970793560018,132.61826227921486,64280000
2021-02-12,132.10105895996094,132.25719882820738,130.46163501432542,131.10570080310399,60145100
2021-02-16,129.97373962402344,132.7256347192669,129.58338986171597,132.21820236374853,80576300
2021-02-17,127.68047332763672,129.0271538654206,126.34356083975098,128.08057622514062,97918500
2021-02-18,126.57778930664062,126.86077987924489,124.33332637686648,126.08009517884663,96856700
2021-02-19,126.73387908935547,127.55360598648207,125.68972531908409,127.09495441093769,87668800
2021-02-22,122.95736694335938,126.58753801577001,122.56702460688798,124.91882434122574,103916400
2021-02-23,122.82073211669922,123.65020481957035,115.53111655663116,120.77144442573531,158273000
2021-02-24,122.32304382324219,122.52797184498519,119.2783904200208,121.92294838417055,111039900
2021-02-25,118.06832885742188,123.40624037390658,117.62919844492515,121.66922504247013,148199500
2021-02-26,118.33182525634766,121.83513064841705,118.2732690688628,119.62970286388716,164560400
2021-03-01,124.70411682128906,124.84073549345864,119.82485725763502,120.76167420043748,116307900
2021-03-02,122.0986099243164,125.61167577926304,121.99126560430425,125.30916402931615,102260900
2021-03-03,119.11250305175781,122.67436464921909,118.89781440194187,121.79609628413596,112966300
2021-03-04,117.2291030883789,120.61531086428089,115.75557186593713,118.80998607618001,178155000
2021-03-05,118.48796081542969,118.99540807937608,114.73093169979428,118.05859095189125,153766600
2021-03-08,113.55013275146484,118.0780851740985,113.40375347089481,118.00977583585376,154376600
2021-03-09,118.16590118408203,119.11247870378237,115.92144631561841,116.15564868338004,129525800
2021-03-10,117.08272552490234,119.2198363292163,116.56551771410868,118.75143154135017,111943300
2021-03-11,119.01490020751953,120.23471511713066,118.33180683620104,119.58089611241735,103026500
2021-03-12,118.10736083984375,118.24397951783547,116.28252245017181,117.49257678888105,88105100
2021-03-15,120.99590301513672,121.00566362104152,117.51211122320834,118.47821018844054,92403800
2021-03-16,122.53773498535156,124.14789226969461,121.70826227679905,122.66459306472457,115227900
2021-03-17,121.74729919433594,122.82073491932013,119.38573166517871,121.05444515870833,111932600
2021-03-18,117.61943054199219,120.20543961497017,117.41450253253255,119.91268106136539,121229700
2021-03-19,117.09249114990234,118.49772055342008,116.78997938198532,117.00466803476282,185549500
2021-03-22,120.41036987304688,120.8787820785301,117.35595599145238,117.42426532921458,111912300
2021-03-23,119.58090209960938,121.23984748167706,119.19055981995824,120.35182605450146,95467100
2021-03-24,117.1900634765625,119.93221266793454,117.17054971237121,119.85414272084951,88530500
2021-03-25,117.67796325683594,118.72213181482432,116.12636249134188,116.6533233490073,98844700
2021-03-26,118.28302001953125,118.5465042288051,116.04831804624526,117.44378670396847,94071200
2021-03-29,118.45867919921875,119.61994551573255,117.81462072071783,118.7124028156756,80819200
2021-03-30,117.00467681884766,117.4926029044599,115.98978966735486,117.20960488138546,85671900
2021-03-31,119.20032501220703,120.53723750663126,118.22447299809998,118.7123990051535,118323800
2021-04-01,120.02980041503906,121.18130611520114,119.53211379208796,120.6738663324064,75089100
2021-04-05,122.85977172851562,123.11349534026344,120.09810870436394,120.87879330428332,88651200
2021-04-06,123.16229248046875,124.06007462441202,122.61581768766165,123.44529048250403,80171300
2021-04-07,124.81148529052734,124.8309990566897,122.11813140531842,122.79147173791083,83466700
2021-04-08,127.21207427978516,127.24134865016218,125.4165100751645,125.83611931078231,88844600
2021-04-09,129.78831481933594,129.82734234724018,126.34355848189794,126.66559142580684,106686700
2021-04-12,128.07080078125,129.64192283851602,127.4755305635202,129.319889944631,91420000
2021-04-13,131.18377685546875,131.4082335358879,128.7441468621112,129.2418409105608,91266500
2021-04-14,128.8417510986328,131.74003301621525,128.48069058786155,131.68148427288168,87222800
2021-04-15,131.2521209716797,131.74004707194615,130.41288748360844,130.58854862267228,89347100
2021-04-16,130.92031860351562,131.41799780371278,130.06156400836352,131.05693729907884,84922400
2021-04-19,131.58387756347656,132.1986690764981,130.12009959176393,130.2859926417197,94264200
2021-04-20,129.89566040039062,132.25722045509355,128.6270498214987,131.75954129528387,94812300
2021-04-21,130.27627563476562,130.5202386977521,128.1294036585496,129.16380466316036,68847100
2021-04-22,128.75393676757812,130.9105617092093,128.2367363124183,129.8273652126756,84566500
2021-04-23,131.07647705078125,131.85714691281353,128.9686326865185,128.9686326865185,78657500
2021-04-26,131.46676635742188,131.7985524226745,130.33477460387036,131.5741106597469,66905100
2021-04-27,131.144775390625,132.14014879502187,130.87153796829216,131.74979898431587,66015800
2021-04-28,130.3543243408203,131.75955373687952,129.8663982944287,131.06669219926212,107760100
2021-04-29,130.2567138671875,133.76003367761894,129.25158755183847,133.17451655261294,151101000
2021-04-30,128.28553771972656,130.33481842080408,127.9049559545034,128.59780268308566,109839500
2021-05-03,129.3394317626953,130.83249918610892,128.64658510502326,128.85150570899668,75135100
2021-05-04,124.76268768310547,128.31479612503944,123.64045629537989,128.0220375212291,137564700
2021-05-05,125.00664520263672,127.29988843260809,124.8797796797169,126.08007345167024,84000900
2021-05-06,126.60704803466797,126.61680119447594,124.06006618952057,124.80171581873422,78128300
2021-05-07,127.2815170288086,128.30789005898956,126.56792436314103,127.90712250466862,78973300
2021-05-10,123.9970932006836,126.62658899435064,123.9579919211375,126.49952288698726,88071200
2021-05-11,123.07823944091797,123.43013604181222,120.0088523827375,120.72243768449367,126142800
2021-05-12,120.00884246826172,121.83678798561996,119.50054079091288,120.62467824901435,112172300
2021-05-13,122.15937042236328,123.31283199690465,121.46533953245027,121.77814229209847,105861300
2021-05-14,124.5835952758789,125.0137018854759,123.01958141071674,123.41058674145887,81918000
2021-05-17,123.43012237548828,124.07528223094239,122.35486340753715,123.9677555883667,74244600
2021-05-18,122.04207611083984,124.13394612750437,121.97365073488565,123.71361668726954,63342900
2021-05-19,121.88566589355469,122.11048890947326,120.09682166067931,120.39007750331018,92612000
2021-05-20,124.44674682617188,124.84752934847808,122.28645146975369,122.41353249282957,76857100
2021-05-21,122.60902404785156,125.12122331133726,122.39397075203622,124.94527129274346,79295400
2021-05-24,124.24147033691406,125.06258229000034,123.10756306374581,123.17598843835246,63092900
2021-05-25,124.04595184326172,125.43402094302525,123.47899456714741,124.9452587557018,72009500
2021-05-26,123.9970932006836,124.52494928784593,123.57676376782135,124.1046198549837,56575900
2021-05-27,122.46239471435547,124.76931783925218,122.26689578830224,123.5963093673209,94625600
2021-05-28,121.8074722290039,122.9707110430963,121.74882403932074,122.74588055296678,71311100
2021-06-01,121.48487854003906,122.53081339874824,121.152528892321,122.26688911719599,67637100
2021-06-02,122.2473373413086,122.42328935200692,121.26005810254007,121.48488111421776,59278900
2021-06-03,120.76152801513672,122.04206311064841,120.36074552880676,121.87588828071905,76229200
2021-06-04,123.05867767333984,123.32260943039987,121.06455727986688,121.27961057589917,75169300
2021-06-07,123.06846618652344,123.47901844884905,122.02253116137574,123.33239051007368,71057600
2021-06-08,123.88956451416016,125.57088967583601,123.37148561983427,123.75271376689696,74403800
2021-06-09,124.2707748413086,124.87683339071532,123.67449347467762,124.34897738790404,56877900
2021-06-10,123.27374267578125,125.30696453959546,123.10756782499628,124.16327258007072,71186400
2021-06-11,124.48584747314453,124.57382721619663,123.2639604593567,123.68428989041197,53522400
2021-06-14,127.54544830322266,127.60409649266556,124.21214444863777,124.94527664789969,96906500
2021-06-15,126.7243423461914,127.66275811320399,126.47996494927916,127.01759820560862,62746300
2021-06-16,127.22286987304688,127.94623235462356,125.57089115999193,127.43792318066122,91815000
2021-06-17,128.82598876953125,129.56890564121335,126.73411873855628,126.8807541337841,96721700
2021-06-18,127.52592468261719,128.5522979565162,127.31087135088615,127.77030211271021,108953300
2021-06-21,129.3245086669922,129.43203530764706,126.304007918975,127.36948968462076,79663300
2021-06-22,130.9667510986328,131.06450803911002,128.65982751015113,129.158367024724,74783600
2021-06-23,130.6930389404297,131.29910507401638,130.2336082056393,130.76147177632404,60214200
2021-06-24,130.40953063964844,131.6118630068928,129.9403153955842,131.42613383723523,68711000
2021-06-25,130.11630249023438,130.87875877934593,129.82304662928087,130.45843681394894,70783700
2021-06-28,131.7487335205078,132.20816419376467,130.3509020493391,130.40955023475712,62111300
2021-06-29,133.263916015625,133.4203211671188,131.3284507416419,131.768327179054,64556100
2021-06-30,133.8797149658203,134.319591281627,132.81421821699357,133.1074740660687,63261400
2021-07-01,134.18275451660156,134.24140270940268,132.70670539157666,133.52782483763312,52485800
2021-07-02,136.812255859375,136.85134968212856,134.65195299080864,134.79857347065126,78852600
2021-07-06,138.82589721679688,139.9304727602518,136.91975675935547,136.91975675935547,108181800
2021-07-07,141.31858825683594,141.63138361305735,139.45154110030262,140.31173951662257,104911600
2021-07-08,140.01849365234375,140.82004384366806,137.5062865843974,138.3958239838689,105575500
2021-07-09,141.84640502929688,142.3742535997312,139.44172508137947,139.53948199823574,99890800
2021-07-12,141.25013732910156,143.02921196222175,140.76138252865485,142.92168530949897,76299700
2021-07-13,142.36448669433594,144.1435611902038,140.3996979177406,140.79069576168808,100827100
2021-07-14,145.79556274414062,146.20612993530744,144.35862232189876,144.76918951306558,127050800
2021-07-15,145.14059448242188,146.62641297695922,143.7818569854598,145.88351118749557,106820300
2021-07-16,143.0976104736328,146.39181260894236,142.59908601439943,145.12106223258928,93251400
2021-07-19,139.2462158203125,140.82979124521293,138.48375965542388,140.51698106699695,121434600
2021-07-20,142.86302185058594,143.79166790162552,139.74477876057173,140.23353355980825,96350000
2021-07-21,142.12989807128906,142.8434908596877,141.3772263751189,142.25697909961474,74993500
2021-07-22,143.49842834472656,144.86693597184757,142.5306883626531,142.65776939789095,77338200
2021-07-23,145.21881103515625,145.3752161371665,143.6156960285799,144.23153179548808,71447400
2021-07-26,145.63916015625,146.46026463758602,144.37816442398642,144.9353520535012,72434100
2021-07-27,143.4690704345703,145.85419595024982,142.27650767673055,145.76620876125995,104818600
2021-07-28,141.7193603515625,143.6646101370385,139.33423415868967,141.5531854827955,118931200
2021-07-29,142.36448669433594,143.25402394226987,141.3283289838246,141.43585562825191,56699500
2021-07-30,142.5795440673828,143.03897475076792,140.86890234879084,141.13283410460213,70440600
2021-08-02,142.24717712402344,143.64500845625085,141.9832454002648,143.0682814694833,62880000
2021-08-03,144.04579162597656,144.71049088545726,141.91481329138477,142.5306490113704,64786600
2021-08-04,143.64505004882812,144.46615463203972,142.9901203277702,143.95786031802183,56368300
2021-08-05,143.75257873535156,144.51503513271194,142.882595670896,143.67437616695372,46397700
2021-08-06,143.0672607421875,144.0168667237269,142.56798937643336,143.2728518562968,54126800
2021-08-09,143.01832580566406,143.61550061721744,142.4603183242228,143.12601355653302,48908700
2021-08-10,142.53866577148438,144.60430216687507,142.24497049035554,143.3610006082751,69023100
2021-08-11,142.7931365966797,143.6350547655628,142.47007341046165,142.97914403158916,48493500
2021-08-12,145.75946044921875,145.91609989817144,142.77358630713317,143.1162332344722,72282600
2021-08-13,145.96505737304688,146.2979050117812,145.15250700463497,145.8377859484882,59375000
2021-08-16,147.9425506591797,148.01108601151154,143.39032739407136,145.41679586878547,103296000
2021-08-17,147.03213500976562,148.49079698288415,145.95525743273268,147.07128740440294,92229700
2021-08-18,143.2826690673828,147.55099731267805,143.07707790614015,146.65034281258323,86326000
2021-08-19,143.61549377441406,144.88816305914702,141.4617537976131,141.9806088621801,86960300
2021-08-20,145.07418823242188,145.3776678425582,143.69383103345265,144.33995758675238,60549600
2021-08-23,146.56224060058594,147.03214405494413,144.7805003067872,145.1916676965958,60131800
2021-08-24,146.47409057617188,147.68802375922274,146.0139715839325,146.3076667825046,48606400
2021-08-25,145.2406005859375,147.15939642783155,144.69237747052765,146.66011006790077,58991300
2021-08-26,144.4378204345703,145.98460117975839,144.40845240898733,145.23080193918472,48597200
2021-08-27,145.47552490234375,145.62236500952392,143.74273694783804,144.3790639962267,55802400
2021-08-30,149.90054321289062,150.26277386938224,145.48537440398061,145.86717379155408,90956700
2021-08-31,148.6376190185547,149.58722496040824,148.10896471177165,149.4501692027158,86453100
2021-09-01,149.30332946777344,151.72139660647437,149.13690566906416,149.61660833919711,80313700
2021-09-02,150.41937255859375,151.46688207200458,149.19565486795125,150.63474806718364,71115500
2021-09-03,151.05569458007812,151.37875779988858,149.87112944077313,150.52704024294897,57808700
2021-09-07,153.3954315185547,153.95343890560181,151.1437884327087,151.71159511960602,82278300
2021-09-08,151.84866333007812,153.73807604944514,150.74241788918883,153.67933999735516,74420200
2021-09-09,150.83056640625,152.82766725771464,150.71307934113239,152.2207080167917,57305700
2021-09-10,145.83778381347656,152.21090030495253,145.57345660401688,151.74099688432676,140893200
2021-09-13,146.40560913085938,148.236286286438,145.62242670552294,147.46290316436924,102404300
2021-09-14,145.00563049316406,147.8936158708618,143.8210802661935,147.18875336474773,109296300
2021-09-15,145.89651489257812,146.2978978750979,143.29244009500678,145.43639585173057,83281300
2021-09-16,145.66156005859375,145.83778317678434,144.12457838073104,145.3189280621593,68034100
2021-09-17,142.98899841308594,145.69097731623316,142.69530310561814,145.69097731623316,129868800
2021-09-20,139.9345703125,141.7946152611483,138.29968524042357,140.7764886965952,123478900
2021-09-21,140.4142608642578,141.55967381165956,139.77793361611074,140.90374795912805,75834000
2021-09-22,142.78338623046875,143.35117809396385,140.67858283814957,141.41281345310648,76404300
2021-09-23,143.74276733398438,143.98751085632557,142.57778577756685,143.56654423015996,64838200
2021-09-24,143.8308868408203,144.369325635303,142.49948133899076,142.5973847336097,53477900
2021-09-27,142.31346130371094,142.8910673802959,140.7960633866369,142.41136468969736,74150700
2021-09-28,138.92620849609375,141.70649116246142,138.7108330139708,140.23803011414577,108972300
2021-09-29,139.82687377929688,141.41280705571026,139.04369150451467,139.47444250254287,74602000
2021-09-30,138.52484130859375,141.344291622089,138.30946580198176,140.63942904371518,89056700
2021-10-01,139.65065002441406,139.91497721524382,136.18508826736803,138.91641944607758,94639600
2021-10-04,136.21444702148438,139.2199044877396,135.3627443887481,138.7793542203645,98322000
2021-10-05,138.14305114746094,139.2492967831214,136.42984628272845,136.55711770997038,80861100
2021-10-06,139.0143280029297,139.16116814887556,135.46064709144002,136.53752462157624,83221100
2021-10-07,140.27719116210938,141.18764483600611,139.71918369704164,140.05203130343006,61732700
2021-10-08,139.89540100097656,141.14848672637,139.5625533728477,141.00164657806616,58773200
2021-10-11,139.80726623535156,141.76521411890909,138.82829229357282,139.27862687949207,64452200
2021-10-12,138.53465270996094,140.23807342981166,138.07453357766727,140.2184897604903,73035900
2021-10-13,137.94725036621094,138.4269381369984,136.2731980054475,138.27031362663757,78762700
2021-10-14,140.73728942871094,140.85477646031666,138.53459804505525,139.12198838921287,69907100
2021-10-15,141.79461669921875,141.85335275996707,140.49257924677562,140.74712209396571,67940300
2021-10-18,143.46864318847656,143.75253907676628,140.14992191440837,140.43381780269812,85589200
2021-10-19,145.63218688964844,146.03356986995644,143.4686624173773,143.91898215404882,76378900
2021-10-20,146.12168884277344,146.6013915952755,145.00565881312252,145.57346566160615,58418800
2021-10-21,146.33705139160156,146.4936908403183,144.76090241654427,145.68114050530517,61421000
2021-10-22,145.56365966796875,147.02232150012944,145.51470797593214,146.5426337568644,58883400
2021-10-25,145.5146942138672,146.22934104854468,144.51613655500375,145.55384660101817,50720600
2021-10-26,146.18043518066406,147.66846521408038,145.87694062980856,146.19021954502938,60893400
2021-10-27,145.7202911376953,146.5817781309956,145.36785988744936,146.2195625180611,56094900
2021-10-28,149.36209106445312,149.94946658313845,146.57200880232836,146.66991219108917,100077900
2021-10-29,146.65032958984375,146.78738537232746,143.33160784302547,144.12457450867834,124953200
2021-11-01,145.82798767089844,146.55241894044252,144.69237413631248,145.85735569869297,74588300
2021-11-02,146.86569213867188,148.3831049138377,145.5244875234558,145.5342868243143,69122000
2021-11-03,148.30479431152344,148.77469770489486,146.66990932924497,147.2279168080061,54511500
2021-11-04,147.78598022460938,149.2250588324267,147.47270125014325,148.39293956518293,60394600
2021-11-05,148.31533813476562,149.21730693838492,147.11924549176268,148.9133844562671,65463900
2021-11-08,147.49180603027344,148.5996660295044,147.21729443113375,148.44279798435025,55020900
2021-11-09,147.85458374023438,148.46242885300364,147.11928144197597,147.25653727259368,56787900
2021-11-10,145.02120971679688,147.18790692538667,144.95258928599077,147.08006199718062,65187100
2021-11-11,144.97219848632812,146.50162489581308,144.7859195077794,146.04084921172387,41000000
2021-11-12,147.05062866210938,147.45258246065882,144.5898079376244,145.5211876519379,63804000
2021-11-15,147.06044006347656,148.9036023660625,146.5016032105498,147.42318436184277,59222800
2021-11-16,148.04083251953125,148.52123530858523,146.41336017433824,147.0016078768631,59256200
2021-11-17,150.4820556640625,151.9624587476381,148.03104826490704,148.04084690898938,88807000
2021-11-18,154.77622985839844,155.5605553164082,150.05069477948223,150.69776440432256,137827700
2021-11-19,157.40371704101562,157.8645076840942,153.46249248182252,154.56053914119423,117305600
2021-11-22,157.864501953125,162.45278100729988,157.84488970355858,158.5115565911854,117467900
2021-11-23,158.24684143066406,158.62919797716998,155.9428885480248,157.96251620186436,96041900
2021-11-24,158.76646423339844,158.96254184147043,156.5115343411642,157.59978226969068,69463600
2021-11-26,153.73695373535156,157.30561916788554,153.29577548721653,156.4428749154629,76959800
2021-11-29,157.0997314453125,158.03111100301652,155.67813558592673,156.2467709377295,88748200
2021-11-30,162.06063842773438,162.27632831051596,156.78606486478094,156.8547002637407,174048100
2021-12-01,161.54098510742188,166.96261178270726,161.30568303306615,164.19786850812946,152052500
2021-12-02,160.55076599121094,160.98214564054786,154.70757335862984,155.62915443498412,136739200
2021-12-03,158.66842651367188,161.7272942117962,156.58997682835107,160.8057129483763,118023100
2021-12-06,162.08021545410156,164.59004449763117,161.06058805531697,161.0703866988541,107497000
2021-12-07,167.82534790039062,168.21751800507252,165.0410074760686,165.76651094991018,120405400
2021-12-08,171.6489715576172,172.51173104768282,167.3548013172171,168.7567854885737,116998900
2021-12-09,171.13912963867188,173.28621440591945,170.5116723744327,171.48227664120193,108923700
2021-12-10,175.93328857421875,176.10976886642817,171.26657639018677,171.77639006130698,115402700
2021-12-13,172.29603576660156,178.56081059859196,172.09014454574864,177.57059395318785,153237000
2021-12-14,170.9136505126953,174.25682821034476,168.83520101609776,171.81561944442183,139380400
2021-12-15,175.78627014160156,175.98234775996642,168.93324742548972,171.67837896188757,131063300
2021-12-16,168.88421630859375,177.59019978284007,167.4038131560954,175.76664959457935,150185800
2021-12-17,167.78616333007812,170.07050404048465,166.36458201855805,166.59986915660923,195432700
2021-12-20,166.42340087890625,167.23713712314685,164.17828470413107,164.98220734461725,107499100
2021-12-21,169.59991455078125,169.80579079626787,165.8057448980021,168.19793052968907,91185900
2021-12-22,172.19796752929688,172.4136573675495,168.77635596770887,169.64891396436306,92135300
2021-12-23,172.82540893554688,173.38424572693862,171.8352074670007,172.4038429011369,68356600
2021-12-27,176.7960662841797,176.8842989595941,173.5999580433746,173.61955533140323,74919600
2021-12-28,175.7764434814453,177.77647393560375,175.03134260309423,176.62940424561387,79144300
2021-12-29,175.86468505859375,177.0901887398254,174.6489800212977,175.8156619193921,62348900
2021-12-30,174.707763671875,177.0313283169758,174.59991877307488,175.95287932897472,59773000
2021-12-31,174.09017944335938,175.71763716193837,173.78624192698945,174.59997826616072,64062300
2022-01-03,178.44313049316406,179.2960912081591,174.22740989529922,174.34505345884557,104487900
2022-01-04,176.17840576171875,179.35491668068815,175.60977025994117,179.05099416209845,99310400
2022-01-05,171.4920654296875,176.6391804132829,171.21755382734324,176.09015720859438,94537600
2022-01-06,168.62928771972656,171.86462006909193,168.27634210052742,169.3155667126804,96904000
2022-01-07,168.79595947265625,170.72735431349597,167.6783008049415,169.50185073224034,86709100
2022-01-10,168.8155975341797,169.11952007524562,164.8743732254317,165.76654355936012,106765600
2022-01-11,171.6489715576172,171.7470028889114,167.4724598584393,168.94306446572548,76138300
2022-01-12,172.09011840820312,173.70777719583765,171.39404073246158,172.66855252404713,74805200
2022-01-13,168.8155975341797,173.15877570962883,168.42342735235042,172.33524076743157,84505800
2022-01-14,169.67832946777344,170.37440711806423,167.7371210418755,167.9822217558743,80440800
2022-01-18,166.47238159179688,169.15867541780838,166.090025136866,168.14886183274072,90956700
2022-01-19,162.9723663330078,167.72732627847407,162.68805608048748,166.6684893743364,94815000
2022-01-20,161.2860870361328,166.35476859042288,160.9625522612085,163.7076835662155,91420500
2022-01-21,159.22726440429688,163.07044260044782,159.11941946941513,161.19786916739386,122848900
2022-01-24,158.4527130126953,159.11939476840692,151.66832669269064,156.88407733764427,162294600
2022-01-25,156.64877319335938,159.5703696285005,153.942866591661,155.86444788627315,115798400
2022-01-26,156.56051635742188,161.16840625563324,154.72716801590528,160.29584841312035,108275300
2022-01-27,156.09976196289062,160.6292188937634,155.17818077822113,159.26645936487785,121954600
2022-01-28,166.99205017089844,167.01166242026449,159.60961653958563,162.46259295194113,179935700
2022-01-31,171.35479736328125,171.57048717250743,166.18807050369657,166.82534128905002,115541600
2022-02-01,171.18817138671875,171.41365989188193,168.93324145579845,170.5999235926481,86213900
2022-02-02,172.39401245117188,172.43323693783623,169.933206984409,171.32537706582437,84914300
2022-02-03,169.51165771484375,172.78621481447524,168.74694463929947,171.0606961129302,89418100
2022-02-04,169.22698974609375,170.90562127726093,167.54835821492657,168.53001022690665,82465400
2022-02-07,168.51036071777344,170.75833687095522,167.81338131131074,169.6883399458675,77251200
2022-02-08,171.62220764160156,172.13267083606547,168.2845821132694,168.57908068618394,74829200
2022-02-09,173.0456085205078,173.40881495712398,171.6909240051843,172.81983276089403,71285000
2022-02-10,168.96192932128906,172.26028048182204,168.40239549718422,170.94487045999796,90865900
2022-02-11,165.5458221435547,169.90436019586866,164.95682484720066,169.16812106483786,98670700
2022-02-14,165.78138732910156,166.46854070339387,163.5039475985097,164.2990832872494,86185500
2022-02-15,169.61962890625,169.77669680858907,167.1262396166007,167.8330301983069,62527400
2022-02-16,169.38406372070312,170.15956224722075,166.9299336029845,168.6969102835062,61177400
2022-02-17,165.78138732910156,168.7557915611827,165.37890643172315,167.8919330456037,69589300
2022-02-18,164.23037719726562,167.4109199862711,163.14074291393072,166.70414435001902,82772700
2022-02-22,161.30506896972656,163.63157949063682,159.17487088048674,161.95294792646703,91162800
2022-02-23,157.133056640625,163.10148814384206,156.8189207831809,162.50267977205857,90009200
2022-02-24,159.75404357910156,159.86202589264875,149.2110962540396,149.78045618194105,141147500
2022-02-25,161.82533264160156,162.090367887761,157.91834703084373,160.83385456915977,91974200
2022-02-28,162.09034729003906,162.3848458382796,159.4497014395523,160.0681468929756,95056600
2022-03-01,160.2056121826172,163.5432381527931,158.99818435052663,161.67809026330085,83474400
2022-03-02,163.50393676757812,164.28926127709886,159.9601728375973,161.3737539589708,79724800
2022-03-03,163.1800079345703,165.81084308627598,162.51249176371445,165.3789138092183,76678400
2022-03-04,160.17616271972656,162.512499384929,159.12580281837,161.47195061166718,83737200
2022-03-07,156.37718200683594,161.9922331985085,156.12194287523664,160.3626871229987,96418800
2022-03-08,154.55130004882812,159.89148955943892,152.94139129743706,155.90598466141114,131148300
2022-03-09,159.960205078125,160.41177163023045,156.4851632700245,158.51717530744355,91454900
2022-03-10,155.6114959716797,157.4471806159037,153.11809123534883,157.26066431923064,105342000
2022-03-11,151.89100646972656,156.3575259685623,151.665230708696,156.01394178449013,96970100
2022-03-14,147.8564453125,151.29222791354923,147.34599696795414,148.67121841249335,108732100
2022-03-15,152.24441528320312,152.7156190595178,147.6208424416319,148.1312907310734,92964300
2022-03-16,156.66184997558594,157.0643309184818,151.62598505111097,154.16846031293665,102300200
2022-03-17,157.67291259765625,158.04594508735755,154.73778320390613,155.69979780602094,75615400
2022-03-18,160.97132873535156,161.46215485112612,156.82875511990838,157.5649942935702,123511700
2022-03-21,162.3456268310547,163.29783055310392,160.01910120084528,160.50992724401203,95811400
2022-03-22,165.72250366210938,166.31148589554496,161.88424061211234,162.4732228455479,81532000
2022-03-23,167.08700561523438,169.4724129582103,164.57396373096856,164.90773681905242,98062700
2022-03-24,170.87615966796875,170.94486751449384,167.08698259633016,167.92137775453384,90131400
2022-03-25,171.5142364501953,172.06395916657084,169.580380836561,170.68965237563202,80546200
2022-03-28,172.3780975341797,172.5057021088352,168.84414433562662,169.01102337849983,90371900
2022-03-29,175.6764678955078,175.7255385178658,173.1045291861119,173.44811341555265,100589400
2022-03-30,174.50827026367188,176.31450624555694,173.45789549385026,175.27395758161924,92633200
2022-03-31,171.40626525878906,174.7635134764267,171.20011173735605,174.5769971900877,103049300
2022-04-01,171.11175537109375,171.67130419323556,168.78524495629924,170.83689401317795,78751300
2022-04-04,175.16600036621094,175.21508596620356,171.23939202795495,171.36701159217134,76468400
2022-04-05,171.84800720214844,175.02856526846452,171.21975048299214,174.2432406248137,73401800
2022-04-06,168.67727661132812,170.44425332917226,167.00847109179495,169.19755100896808,89058800
2022-04-07,168.98155212402344,170.179168602463,166.73357593477996,168.01953748650962,77594700
2022-04-08,166.96917724609375,168.6281714448174,166.09550760626425,168.6281714448174,76575500
2022-04-11,162.7088165283203,165.928633841103,162.46340353204835,165.61451299486157,72246700
2022-04-12,164.5837860107422,166.75322864931675,163.58249672741925,164.93718134727843,79265200
2022-04-13,167.2734832763672,167.90173991390134,163.71009694763094,164.3187163524491,70618900
2022-04-14,162.25726318359375,168.12755331525187,162.01185016741871,167.48947048590375,75329400
2022-04-18,162.0413055419922,163.54323192882495,160.56882751734665,160.91239673580466,69023900
2022-04-19,164.3285369873047,164.7408440040976,160.90258113171808,161.99221543879506,67723800
2022-04-20,164.16168212890625,165.78141713684764,163.05242540339555,165.663608695201,67929800
2022-04-21,163.3665313720703,168.38277391627963,162.86589422198446,165.81085035411152,87227800
2022-04-22,158.8214569091797,164.78990235630212,158.53678444420197,163.40578453855588,84882400
2022-04-25,159.89146423339844,160.1761366901005,155.5525646879934,158.1637473249091,96046400
2022-04-26,153.9230194091797,159.36136429126918,153.84448546049006,159.27301921605053,95623200
2022-04-27,153.69725036621094,156.85815581050312,152.52908216912786,153.0493564954022,88063200
2022-04-28,160.63754272460938,161.50140133184425,156.01395492484127,156.3280907743164,130216800
2022-04-29,154.75743103027344,163.15055858383272,154.36477622377623,158.87055528620192,131747600
2022-05-02,155.06178283691406,155.32681813716053,150.45783177864857,153.83471762858417,123055300
2022-05-03,156.55386352539062,157.76130632227486,153.4518544553603,155.24826451156082,88966500
2022-05-04,162.97389221191406,163.42544380743908,156.33791416985588,156.74039514151906,108256500
2022-05-05,153.89356994628906,161.0694428169404,152.10695632876542,160.84366707784005,130525300
2022-05-06,154.62107849121094,156.7445658918497,151.57347999950738,153.37254446386834,116124600
2022-05-09,149.48931884765625,153.19558860822082,148.92896288962842,152.31079472594658,131577900
2022-05-10,151.89788818359375,154.09019917635914,150.3445974581009,152.89082298326753,115366700
2022-05-11,144.02330017089844,152.82199025284592,143.34496277337416,150.90495956472975,142689800
2022-05-12,140.14991760253906,143.7283801675573,136.45348852465227,140.3563740008872,182602000
2022-05-13,144.6230010986328,145.59626984264398,140.69062395231782,142.14559929622243,113990900
2022-05-16,143.0795440673828,145.02608166695018,141.7425351609862,143.08938461134267,86643800
2022-05-17,146.7169952392578,147.23803400578663,144.20026129048028,146.3434146138869,78336300
2022-05-18,138.4393768310547,144.86880836010556,137.53491667633742,144.36743555765233,109742900
2022-05-19,135.02801513671875,139.26514939022877,134.29069437332384,137.5152426451712,136095600
2022-05-20,135.26394653320312,138.32137052821327,130.36814092411527,136.73858804203445,137426100
2022-05-23,140.6906280517578,140.83808619870993,135.32292649026942,135.46055909436765,117726300
2022-05-24,137.98712158203125,139.5699040628069,135.0083469444269,138.42951103300464,104132700
2022-05-25,138.14439392089844,139.39291268865855,136.00124087715074,136.08971575030043,92482700
2022-05-26,141.34930419921875,141.89983463413682,134.82155832650707,135.0673319135833,90601500
2022-05-27,147.11021423339844,147.14953140069923,142.80425687385537,142.93206391903007,90978500
2022-05-31,146.32376098632812,148.11299992246586,144.35757226573517,146.54988348979353,103718400
2022-06-01,146.19593811035156,149.17471219422913,145.18333733188115,147.36580755186637,74286600
2022-06-02,148.65371704101562,148.71270030734948,144.37725022184313,145.3308530297889,72348100
2022-06-03,142.9222412109375,145.46845161750497,142.01779633681872,144.4165336112239,88570300
2022-06-06,143.6693878173828,146.05831455755788,142.45034559186539,144.54434106770898,71598400
2022-06-07,146.19593811035156,146.48102881439183,141.66387346445043,141.9096470027296,67808200
2022-06-08,145.45863342285156,147.33633206027957,144.9670862924701,146.06814706425965,53950200
2022-06-09,140.2285919189453,145.44882105467732,140.12045092928022,144.59353368240036,69473000
2022-06-10,134.81170654296875,138.3803281321393,134.7428827515855,137.90844713703416,91437900
2022-06-13,129.65048217773438,132.91434748083088,129.2179182819536,130.6237359424125,122207100
2022-06-14,130.51559448242188,131.62649584691928,129.25723497256138,130.87934957569854,84784300
2022-06-15,133.1404266357422,135.01813996515114,129.92571973239964,132.01969996284308,91533000
2022-06-16,127.8612289428711,130.15184022343473,126.85846866106286,129.84708342230354,108123900
2022-06-17,129.3358917236328,130.8301993524765,127.61547659200777,127.87109072638007,134520300
2022-06-21,133.5730438232422,134.74292866881555,131.06616486939242,131.1644653180902,81000500
2022-06-22,133.06182861328125,135.43107463782408,131.64617032424826,132.51128316690097,73409200
2022-06-23,135.93246459960938,136.24704700188127,133.33709602733944,134.5069807437755,72433800
2022-06-24,139.26513671875,139.51091028418583,137.40708916408835,137.53488121755194,89116800
2022-06-27,139.26513671875,141.06420101783954,138.58679927801467,140.2875481505987,70207900
2022-06-28,135.11648559570312,140.99538542275212,134.99851907769516,139.72720035167993,67083400
2022-06-29,136.87623596191406,138.29189436889533,134.35951657209444,135.13616958742787,66242400
2022-06-30,134.4086456298828,136.03074512479165,131.50852062340732,134.92968437677243,98964500
2022-07-01,136.58128356933594,136.68942454210836,133.36657601668242,133.74014164921843,71051600
2022-07-05,139.16680908203125,139.215966790971,134.6150782492546,135.44088875729327,73353800
2022-07-06,140.5038299560547,141.68354006887108,138.69494011634768,138.96037976700046,74064300
2022-07-07,143.8758544921875,144.07247034886072,140.857747839313,140.86757338185674,66253700
2022-07-08,144.55418395996094,145.0555716697527,142.54867812328092,142.8042772492725,64547800
2022-07-11,142.42086791992188,144.1609490492264,141.34929872199137,143.20734636825597,63141600
2022-07-12,143.3941650390625,145.94037620574267,142.59786089048026,143.29584958827115,77588800
2022-07-13,143.03038024902344,143.9741422785196,139.71734260162484,140.5726447543378,71185600
2022-07-14,145.9600067138672,146.4318877608006,140.82825345087886,141.64422349086814,78140700
2022-07-15,147.63125610351562,148.30959351033036,145.6945593046606,147.24784996064128,76259900
2022-07-18,144.58367919921875,149.00760334414767,144.2199241245172,148.19163331287257,81420900
2022-07-19,148.44723510742188,148.67334258980395,144.42638313418118,145.41930294883997,82982400
2022-07-20,150.45274353027344,151.1212554478555,147.8278835762641,148.56520429371037,64823400
2022-07-21,152.72369384765625,152.93997577721333,149.3713389403487,151.88805775611044,65086600
2022-07-22,151.48500061035156,153.63797957756256,150.8165036712,152.76302623024424,66675400
2022-07-25,150.3642578125,152.4189211302385,149.7055864857965,151.40633528462277,53623900
2022-07-26,149.037109375,150.50191035513055,148.25063089528444,149.68594024499822,55138700
2022-07-27,154.1393585205078,154.6702378768067,149.58764182197348,150.00053965418954,78620700
2022-07-28,154.68992614746094,154.97501695314946,151.79962590663797,154.32617098055007,81378700
2022-07-29,159.76263427734375,160.8637099904221,156.80352611275504,158.51411543428287,101786900
2022-08-01,158.779541015625,160.82437877972106,158.17002740354454,158.287993908895,67829400
2022-08-02,157.30491638183594,159.66435174491758,156.931350741657,157.39340627106276,59907000
2022-08-03,163.32150268554688,163.7737177788942,158.03244919676663,158.12092410622603,82507500
2022-08-04,163.0068817138672,164.36355679986545,161.65020662786893,163.20349759569137,55474100
2022-08-05,162.7804412841797,163.2726712063917,160.46695464111716,160.67369781797885,56697000
2022-08-08,162.30787658691406,165.20219069837998,161.64829034721447,163.78456623385267,60276900
2022-08-09,162.3571014404297,163.24312423537512,160.71305544763848,161.47109366714804,63135500
2022-08-10,166.6100311279297,166.70846812398068,164.30638309963732,165.0742607685118,70170500
2022-08-11,165.87164306640625,168.33279265478845,165.57630211146738,167.4172371966445,57149200
2022-08-12,169.42555236816406,169.4944567489093,166.76749865896252,167.18098503009688,68039400
2022-08-15,170.4985809326172,170.69546987184845,168.68717865702857,168.8545350064583,54091700
2022-08-16,170.34109497070312,171.01053551269388,168.992389717206,170.09497999617207,56377100
2022-08-17,171.8374786376953,173.4126054655057,169.88825224075944,170.0851412165275,79542000
2022-08-18,171.44369506835938,172.18204003423804,170.4297025169527,171.04991709522415,62290100
2022-08-19,168.85455322265625,171.04005523372263,168.6478100500787,170.34108214913311,70346300
2022-08-22,164.96597290039062,167.22037973855075,164.54264728016773,167.05302333761028,69026800
2022-08-23,164.63125610351562,166.08826784752824,164.0602674505921,164.4835930991685,54147100
2022-08-24,164.9265594482422,165.4975479706951,163.6664520268514,164.7198312893935,53841500
2022-08-25,167.38768005371094,167.49597122058404,165.7337949832813,166.1571054399998,51218200
2022-08-26,161.07736206054688,168.3919086557374,161.01829685606845,167.9193719982406,78961000
2022-08-29,158.87213134765625,160.36849946589015,157.33637642429446,158.64569477233294,73314000
2022-08-30,156.44052124023438,160.0337937500244,155.26901159376436,159.61048321715364,77906200
2022-08-31,154.7767791748047,158.084564879281,154.69802058402368,157.81875651310324,87991100
2022-09-01,155.5052947998047,155.95813794862076,152.2664132669702,154.20580050146393,74229900
2022-09-02,153.388671875,157.86796676025835,152.56172928679763,157.26744570942157,76957800
2022-09-06,152.12855529785156,154.64876971078968,151.301612760168,154.0384095074989,73714800
2022-09-07,153.53634643554688,154.23530443324142,151.22286005633052,152.41406294176315,87449600
2022-09-08,152.0596466064453,153.93011396301495,150.30729458119086,152.2368421359117,84923800
2022-09-09,154.92446899414062,155.36748802177217,152.34518854112125,153.05400095933032,68028800
2022-09-12,160.89027404785156,161.7073775664421,156.82446488060694,157.10995164172124,104956000
2022-09-13,151.44931030273438,158.0451887543499,150.98661293916587,157.41513500718563,122656600
2022-09-14,152.8964385986328,154.65862993133453,151.22286005828988,152.38451533184278,87965400
2022-09-15,150.00213623046875,152.82754609590185,149.02753063381346,152.24670339235885,90481100
2022-09-16,148.35809326171875,148.99800116372188,146.06430005699622,148.86017738849526,162278800
2022-09-19,152.07937622070312,152.15813482310995,146.78299164843529,146.98971983579415,81474200
2022-09-20,154.46176147460938,155.62343203686572,150.70113224453698,151.01615161997927,107689800
2022-09-21,151.3311767578125,156.2731696529989,151.21304637695786,154.89491678247586,101696800
2022-09-22,150.36642456054688,152.06953614035308,148.56486097289033,150.0120183626199,86652500
2022-09-23,148.09228515625,149.11613179254852,146.25135007934554,148.84048424162157,96029900
2022-09-26,148.42701721191406,151.38039679019585,147.31457276382835,147.3342661670832,93339400
2022-09-27,149.401611328125,152.3156188966605,147.6197415235521,150.36639273150132,84442700
2022-09-28,147.511474609375,148.29904557000611,142.58917488251384,145.34566573388943,146691400
2022-09-29,140.26583862304688,144.4399538960587,138.49380784574632,143.8295935811918,128138200
2022-09-30,136.05233764648438,140.87619954797051,135.85544869618502,139.0844755504192,124925300
2022-10-03,140.23631286621094,140.84668823250414,135.55028904590418,136.06221241134372,114311700
2022-10-04,143.82958984375,143.9477202186119,142.01817230643195,142.77621059568105,87830100
2022-10-05,144.12490844726562,145.08968986509632,140.7875903322469,141.83113033653302,79471000
2022-10-06,143.16998291015625,145.24719370943012,142.96325476225735,143.54408244476417,68402200
2022-10-07,137.91297912597656,140.8762129387206,137.28292541213156,140.32490279514894,85925600
2022-10-10,138.2378387451172,139.6849958050268,136.41659718830158,138.2378387451172,74899000
2022-10-11,136.82022094726562,139.15340092464973,136.07203689531147,137.7259221748937,77033700
2022-10-12,136.19017028808594,138.17878336551573,136.01297472776957,136.9679019716922,70433700
2022-10-13,140.76792907714844,141.35859601492572,132.28187436958524,132.89224973345455,113224000
2022-10-14,136.22955322265625,142.27413585110418,136.04250345541635,142.0673926816115,88598000
2022-10-17,140.19692993164062,140.67930564113678,138.09018646721276,138.87775734642221,85250900
2022-10-18,141.51611328125,144.42026703642762,138.4249097380949,143.22907894720203,99136600
2022-10-19,141.6244354248047,142.69749336526016,139.30110890857233,139.48815873742905,61758300
2022-10-20,141.1616973876953,143.6228470143876,140.43319169039492,140.7974520498777,64522000
2022-10-21,144.98143005371094,145.55241866280005,140.43321458728877,140.64979699148353,86548600
2022-10-24,147.1275177001953,147.89539516122247,143.73113431154985,144.90264390563777,75981900
2022-10-25,149.97262573242188,150.12030373846804,147.03893927663933,147.75759083673032,74732300
2022-10-26,147.02906799316406,149.62804110263616,145.73941311718505,148.61404877344168,88194300
2022-10-27,142.54978942871094,146.73374379544853,141.8902031311427,145.76897734753766,109180200
2022-10-28,153.31976318359375,155.05240689410368,145.52284395380414,145.89692843507157,164762400
2022-10-31,150.95706176757812,151.84308459846838,149.55913065750443,150.7798662143987,97943200
2022-11-01,148.30889892578125,153.03431011919787,146.812530481506,152.6700647115565,80379300
2022-11-02,142.7761993408203,149.80524150264998,142.74666674943285,146.63527983930877,93604600
2022-11-03,136.72177124023438,140.5808515547038,136.59378666921566,139.85234595133585,97918500
2022-11-04,136.45553588867188,140.68586767189302,132.51116441667403,140.11393200286335,140814800
2022-11-07,136.98805236816406,137.21484956931474,133.78324977627878,135.20322625521413,83374600
2022-11-08,137.55999755859375,139.4631501590853,135.57795569871462,138.45734595671615,89908500
2022-11-09,132.99435424804688,136.6231842073022,132.71824941976038,136.57387654941147,74917800
2022-11-10,144.82749938964844,144.82749938964844,137.55999752526475,139.27580506170628,118854000
2022-11-11,147.61810302734375,147.9237894166263,142.3622261036816,143.79207283535823,93979700
2022-11-14,146.2178497314453,148.19003547375948,145.37966477232854,146.898256219997,73374100
2022-11-15,147.953369140625,151.45400187502815,146.49395589081533,150.1030594439155,89868300
2022-11-16,146.72076416015625,147.7857463571914,145.24162472759372,147.05604720027458,64218300
2022-11-17,148.6239471435547,149.3733724520642,144.11749463891493,144.39359949187033,80389400
2022-11-18,149.18600463867188,150.5763993918672,147.88436969164823,150.19182372040734,74829600
2022-11-21,145.9516143798828,148.27879437989566,145.66565404043791,148.07172328326632,58724100
2022-11-22,148.0914306640625,148.32809838668408,144.8866286056601,146.06995217218372,51804100
2022-11-23,148.9690704345703,149.71849566611712,147.26311878314957,147.3715896104273,58301400
2022-11-25,146.05023193359375,146.80952774156987,145.0739944661959,146.24744752036312,35195900
2022-11-28,142.21432495117188,144.6006680593858,141.38601049309779,143.12152865000314,69246000
2022-11-29,139.20675659179688,142.79613475713955,138.39816810033238,142.2833621487803,83763800
2022-11-30,145.97134399414062,146.65175056417294,138.59537264763534,139.43354266054223,111380900
2022-12-01,146.2474365234375,147.05603992895004,144.57108159207246,146.14883626075934,71250400
2022-12-02,145.75439453125,145.94175459663157,143.62443017730817,143.93013162674256,65447400
2022-12-05,144.59080505371094,148.82113692482218,143.74276456774905,145.71495034472244,68826400
2022-12-06,140.92254638671875,145.25149381357704,139.94630895435972,145.02469664926164,64727200
2022-12-07,138.9799346923828,141.37613319907325,138.05300496587287,140.21255080814953,69721100
2022-12-08,140.66616821289062,141.52407940202735,139.1377360156072,140.380207847569,62128300
2022-12-09,140.1829833984375,143.54556411340621,138.94049659830839,140.3604729146931,76097000
2022-12-12,142.48057556152344,142.4904310742392,139.09826892356506,140.71546075742316,70462700
2022-12-13,143.4469451904297,147.8843635443182,142.23405505341051,147.420898645852,93886200
2022-12-14,141.2183837890625,144.6204015969479,139.19689014923398,143.32862218685506,82291200
2022-12-15,134.60171508789062,139.8280117965914,134.1382501032749,139.14760511506677,98931900
2022-12-16,132.63937377929688,135.73570542541242,131.87022238639204,134.7890645018001,160156900
2022-12-19,130.52911376953125,133.31975851229708,129.49372825060226,133.23101376151752,79592600
2022-12-20,130.46009826660156,131.39688354522443,128.0836106828586,129.56275008486864,77432800
2022-12-21,133.5662841796875,134.9073711645486,130.90383628158227,131.13063344213398,85928000
2022-12-22,130.39108276367188,132.68868142818795,128.48793035610765,132.48161030905115,77852100
2022-12-23,130.02621459960938,130.57842423400893,127.83708708710822,129.09928483618836,63814900
2022-12-27,128.2216796875,129.58249292838534,126.92990018333715,129.55291134024313,69007800
2022-12-28,124.28717041015625,129.20777268194055,124.11953639524314,127.86668551604973,85438400
2022-12-29,127.8074951171875,128.66539108330355,125.9536432642823,126.21002198896751,75703700
2022-12-30,128.12307739257812,128.14280346887438,125.6578520094042,126.6242266189888,77034200
2023-01-03,123.33065032958984,129.07956676089162,122.44316513126005,128.4681939201586,112117500
2023-01-04,124.60269165039062,126.87070818781424,123.34049402108371,125.12531965096696,89113600
2023-01-05,123.28133392333984,125.99308946159266,123.02495518012978,125.36199059273537,80962700
2023-01-06,127.81733703613281,128.478017370955,123.1531225564166,124.25754914131075,87754700
2023-01-09,128.3399658203125,131.55463782580617,128.08358712122987,128.65552272372005,70790800
2023-01-10,128.9119415283203,129.4345696464241,126.33823803970584,128.44847658636624,63896200
2023-01-11,131.63356018066406,131.65327120715185,128.64569958998982,129.42470644063985,69458900
2023-01-12,131.55465698242188,132.3928269168101,129.61205277186403,132.0181218476768,71379600
2023-01-13,132.88589477539062,133.0436732754904,129.82901533053348,130.19386494625152,57809700
2023-01-17,134.0494842529297,135.38070076927318,132.26465833803292,132.95492042575748,63646600
2023-01-18,133.32965087890625,136.682361304903,133.15214630173037,134.91726132660978,69672800
2023-01-19,133.38876342773438,134.35513005841474,131.90962438121971,132.21531071004654,58280400
2023-01-20,135.95262145996094,136.1005444209002,132.35338844252215,133.3986444948596,80223600
2023-01-23,139.14759826660156,141.32687064316994,135.98223278773898,136.19917447397063,81760300
2023-01-24,140.54782104492188,141.16906439218428,138.34883807200805,138.35869358432294,66435100
2023-01-25,139.88717651367188,140.4492417915874,136.87958936131886,138.93066494314343,65799300
2023-01-26,141.95797729492188,142.2439376895358,139.92661275533473,141.17895527594047,54105100
2023-01-27,143.90054321289062,145.18246711281154,141.09018721144076,141.16907645645273,70555800
2023-01-30,141.0113067626953,143.52584706043817,140.863398823187,142.9440557695909,64015300
2023-01-31,142.28335571289062,142.3326633733732,140.30131415280843,140.71547141700836,65874500
2023-02-01,143.40748596191406,144.57108343034756,139.35465851027638,141.96779872652098,77663600
2023-02-02,148.7225341796875,149.07751316889315,146.10937904089744,146.82922262442523,118339000
2023-02-03,152.35133361816406,155.19128562284567,145.77409661965578,145.97131216518497,154357300
2023-02-06,149.619873046875,150.97083056548323,148.68308779153134,150.44820252682044,69858300
2023-02-07,152.499267578125,153.07120329051187,148.54504029445562,148.54504029445562,83322600
2023-02-08,149.80723571777344,152.43024651571073,149.0676660222592,151.73998447588093,64120100
2023-02-09,148.7718505859375,152.1837390894266,148.32811173185976,151.64138491373802,56007100
2023-02-10,149.1372528076172,149.46316214008027,147.3694580195322,147.60648709847575,57450700
2023-02-13,151.9420623779297,152.34696638235076,149.04839042017383,149.0780171748983,62199000
2023-02-14,151.30007934570312,151.86301769491905,148.9891025921519,150.233471212628,61707600
2023-02-15,153.40367126464844,153.5715611952289,150.98405804107867,151.21120146838675,65573800
2023-02-16,151.80377197265625,154.39127521881363,151.44823591009165,151.60624021713144,68167900
2023-02-17,150.65817260742188,151.10258897284194,148.97925796607987,150.46065589718617,59144100
2023-02-21,146.6386260986328,149.4236611977066,146.56950203742764,148.33729678255915,58867200
2023-02-22,147.06329345703125,148.09038924690807,145.33499611487431,147.0237810788301,51011300
2023-02-23,147.54721069335938,148.47555569965527,145.4140093743504,148.22865607328114,48394200
2023-02-24,144.89056396484375,145.36460696451104,143.9128361503219,145.28559728630728,55469600
2023-02-27,146.08558654785156,147.32008482695682,145.62141398934327,145.87819927591497,44998500
2023-02-28,145.5819091796875,147.2311969873109,145.0091001993268,145.2263730908277,50547000
2023-03-01,143.50791931152344,145.4041064076396,143.21163678129003,145.00907308036537,55479000
2023-03-02,144.1005096435547,144.8905915062189,142.11542689154663,142.58948505088003,52238100
2023-03-03,149.15699768066406,149.23600736765022,145.50288630750634,146.20407279147852,70732300
2023-03-06,151.9223175048828,154.36168762269136,151.55691078968073,151.8828051159328,87558000
2023-03-07,149.71995544433594,152.11981283549997,149.25578289163562,151.79390348554702,56182000
2023-03-08,150.97418212890625,151.56674727343432,149.9470862905562,150.91492862836495,47204800
2023-03-09,148.72247314453125,152.62348469471294,148.36693703717327,151.65564226284476,53833600
2023-03-10,146.6584014892578,149.06814463866203,145.77943928176788,148.3472018339828,68572400
2023-03-13,148.6039276123047,151.2408134460528,145.86827591395192,145.97691233719496,84457100
2023-03-14,150.69764709472656,151.49759944522177,148.23853654610156,149.4038955086608,73695900
2023-03-15,151.0926971435547,151.34946732376167,148.06076257128353,149.3150168625453,77167900
2023-03-16,153.917236328125,154.5196720318581,149.7594399024329,150.27299535550645,76161100
2023-03-17,153.0777587890625,154.79618550631548,152.3666867039617,154.1443669167137,98944600
2023-03-20,155.44798278808594,155.8627873790452,152.23828797454271,153.14689176758554,73641400
2023-03-21,157.30470275878906,157.42320976774403,154.59867718770118,155.36901795458434,73938300
2023-03-22,155.87271118164062,160.12925934644002,155.85295498733328,157.32448253723237,75701800
2023-03-23,156.95904541015625,159.54656410725272,155.72454710395584,156.86029458739586,67622100
2023-03-24,158.2626495361328,158.35152977877317,155.89241931505222,156.88988831142535,59196500
2023-03-27,156.31707763671875,158.7762031421057,155.91215866543004,157.95649464031004,52390300
2023-03-28,155.6949005126953,156.52449472162644,154.04561279409856,156.01093927220384,45992200
2023-03-29,158.77622985839844,159.05275625859912,157.37384166607825,157.39358278783644,51305700
2023-03-30,160.34649658203125,160.45513302219786,159.27001781009866,159.5267880006936,49501700
2023-03-31,162.85501098632812,162.95377687892702,159.90210067407045,160.42552675181378,68749800
2023-04-03,164.1092529296875,164.22775993608965,162.18343872786127,162.23282167038158,56976200
2023-04-04,163.5759735107422,164.77095946962157,163.06241797980005,164.5339454319251,46278300
2023-04-05,161.72909545898438,163.00310573074134,159.79341119072498,162.6969526626685,51511700
2023-04-06,162.6179962158203,162.91427882271006,159.99098020805553,160.41564039126865,45390100
2023-04-10,160.0205841064453,160.0205841064453,158.09477004106023,159.41814841731897,47716900
2023-04-11,158.8058624267578,160.34651387560373,158.5194503856298,160.33664331436313,47644200
2023-04-12,158.11453247070312,160.05021717246308,157.79849370413785,159.22063801456596,50133100
2023-04-13,163.5068359375,163.74386504702863,159.4181779828813,159.62558033741385,68445600
2023-04-14,163.16116333007812,164.25739832506682,161.78840194622364,162.5488419808256,49386500
2023-04-17,163.18089294433594,163.33891231813308,161.99577777997115,163.04262975965267,41516200
2023-04-18,164.40550231933594,165.33384720086153,163.59566442028418,164.0400957436715,49923000
2023-04-19,165.55116271972656,166.07458878664085,163.48707013576512,163.74385542338587,47720200
2023-04-20,164.5833282470703,165.78819994657684,163.50684920934174,164.0302753495056,52456400
2023-04-21,162.97352600097656,164.38578477260316,162.45009994594136,163.00315275355902,58337300
2023-04-24,163.27967834472656,163.54633418620037,161.85753394961128,162.95376899838274,41949600
2023-04-25,161.739013671875,164.2475072794641,161.69950129216383,163.1414017604714,48714100
2023-04-26,161.72909545898438,163.23024912486727,160.78100951073003,161.03777964889173,45498800
2023-04-27,166.32147216796875,166.4696059197472,163.14140369362494,163.14140369362494,64902300
2023-04-28,167.57571411132812,167.74361912541863,165.79804878354395,166.40048449959994,55275900
2023-05-01,167.4868621826172,168.3361976788922,166.54864641883398,167.1807089926042,52472900
2023-05-02,166.4498291015625,168.2373948789832,165.4622306932786,167.98060964831367,48425700
2023-05-03,165.3733367919922,168.8003041912053,165.0869399078532,167.39791637563795,65136000
2023-05-04,163.7339630126953,164.96846124572582,162.27232132426357,162.84513031273676,81235400
2023-05-05,171.41748046875,172.13842316096267,168.64231599957478,168.85958887715515,113453200
2023-05-08,171.3483428955078,171.6940084046762,169.97558155808977,170.34098818753938,55962800
2023-05-09,169.6398162841797,171.38785496168964,169.47192632998963,170.9039412906591,45326900
2023-05-10,171.40760803222656,171.87178057282452,169.76819076413835,170.87431142683658,53724500
2023-05-11,171.5952911376953,172.42487051124894,170.03488322864254,171.6940570453115,49514700
2023-05-12,170.66563415527344,172.13918180226995,169.11295243629542,171.70403494878815,45533100
2023-05-15,170.171142578125,171.29856159606754,169.57775779377548,171.24911034897144,37266700
2023-05-16,170.171142578125,171.2293268320526,169.90411791612752,170.0920236008516,42110300
2023-05-17,170.78428649902344,171.0216283275313,168.5393327985131,169.81510548834717,57951600
2023-05-18,173.11825561523438,173.30616130301183,170.6755118549318,171.09087517456516,65496700
2023-05-19,173.22703552246094,174.44345770293714,173.00946211256743,174.44345770293714,55809500
2023-05-22,172.2776336669922,172.78201528070161,171.5359102025042,172.06006024351018,43570900
2023-05-23,169.666748046875,171.46667068919274,169.38983919273392,171.21942956296672,50747300
2023-05-24,169.9436492919922,170.51725049000234,168.6382240509761,169.20192594652394,45143500
2023-05-25,171.08099365234375,171.98093998050487,169.79533663873903,170.50739236656926,56058300
2023-05-26,173.49403381347656,173.8302932098977,171.19964403606525,171.4073332194312,54835000
2023-05-30,175.34344482421875,177.01479758641247,174.62150481648905,175.00720044696425,55964400
2023-05-31,175.29397583007812,177.37080753192686,174.80937774220615,175.37309480914308,99625300
2023-06-01,178.1026153564453,178.13228308457525,174.97748387661747,175.73899077622127,68901800
2023-06-02,178.95310974121094,179.77395202506364,177.28175744797826,179.03222870608343,61996900
2023-06-05,177.59825134277344,182.908986017055,176.0752375225132,180.61459616435278,121946500
2023-06-06,177.23236083984375,178.1323071989488,175.47198988688834,177.98396853821802,64848400
2023-06-07,175.85769653320312,179.21028600208987,175.36321422162453,176.47084977063176,61944600
2023-06-08,178.57736206054688,178.8443716628685,175.50168125821915,175.93681304769265,50214900
2023-06-09,178.9630584716797,180.21903277362324,178.636698310342,179.4970927690662,48900000
2023-06-12,181.76182556152344,181.8607280731199,178.97295280127733,179.26964524566213,54274900
2023-06-13,181.287109375,182.11783606754224,180.42671494989577,180.7827428310429,54929100
2023-06-14,181.9200439453125,182.35519080481038,180.0113494184458,181.3464426387383,57462900
2023-06-15,183.95729064941406,184.46167222814515,181.75190392659053,181.92992539273135,65433200
2023-06-16,182.8793182373047,184.9264820484004,182.2364973319158,184.669341613924,101256200
2023-06-20,182.96832275390625,184.0463055632048,182.37495308855412,182.37495308855412,49799100
2023-06-21,181.92994689941406,183.363942649416,180.57505504326872,182.85956101105992,49515700
2023-06-22,184.93637084960938,184.98582209518955,181.64311708726814,181.7123518491607,51245300
2023-06-23,184.61990356445312,185.49019723798705,182.96833449974372,183.5023838322858,53117000
2023-06-26,183.22547912597656,185.97479955864205,183.18591209060443,184.76826151663462,48088700
2023-06-27,185.98468017578125,186.31104030447904,183.62105538648717,183.83862880561904,50730800
2023-06-28,187.16156005859375,187.80438104509085,185.52977442185306,185.8561194768788,51216800
2023-06-29,187.49778747558594,187.9725013298976,186.85496654717443,186.9934209820816,46347300
2023-06-30,191.82945251464844,192.33381899614628,189.1493519786864,189.51527911897426,85213200
2023-07-03,190.33612060546875,191.7404484310712,189.6438333602496,191.64154594163958,31458200
2023-07-05,189.2185821533203,190.8503675642152,188.51641070905347,189.45593906907268,46920300
2023-07-06,189.6933135986328,189.90100282202306,187.11211517011608,187.74505196417672,45094300
2023-07-07,188.5757598876953,190.54380484505052,188.14062814608695,189.29771490007704,46815000
2023-07-10,186.52862548828125,187.89340155065938,184.9759437256739,187.17144648236777,59922200
2023-07-11,186.00445556640625,187.21099353236755,184.54079224834234,187.07253909809666,46638100
2023-07-12,187.67579650878906,189.5844907414315,186.3901396467477,187.58677823550266,60750200
2023-07-13,188.43731689453125,189.08015296828228,187.68570919657313,188.39776494849258,41342300
2023-07-14,188.58567810058594,189.07026113812964,187.53737794948708,188.13074770594125,41616200
2023-07-17,191.8492431640625,192.17560328436687,189.69329254549467,189.7822957354681,50520200
2023-07-18,191.59210205078125,192.18548682934457,190.2965608776665,191.21630577539946,48288200
2023-07-19,192.94699096679688,196.04243976648678,190.5240157315845,190.9690618542327,80507300
2023-07-20,190.9987335205078,194.3018715848771,190.3756810082794,192.9370956401489,59581200
2023-07-21,189.82186889648438,192.8184304455329,189.11969738642375,191.95803606721273,71951700
2023-07-24,190.6229248046875,192.759091941705,190.1284425094743,191.27564505606543,45377800
2023-07-25,191.48330688476562,192.29426504028103,190.7910347339605,191.19651381171818,37283200
2023-07-26,192.35360717773438,193.48102617402893,191.18663623876353,191.53276478098633,47471900
2023-07-27,191.08773803710938,195.02381285425056,190.42513357699178,193.85684188907683,47460200
2023-07-28,193.6689453125,194.4601200346163,191.99759267326004,192.5217427199515,48291400
2023-07-31,194.2821044921875,194.3216715292241,193.10523413200033,193.89640887829788,38824100
2023-08-01,193.45135498046875,194.55899044039094,193.12499487022708,194.07440747187567,35175100
2023-08-02,190.4547882080078,193.02608689409655,189.73284833699685,192.887632465541,50389300
2023-08-03,189.06036376953125,190.247118290272,188.58566497931545,189.45595867004647,61235200
2023-08-04,179.98167419433594,185.312192820491,179.91243942847825,183.47271804853088,115956800
2023-08-07,176.8763427734375,181.10911048560996,175.39289572224425,180.12014578481444,97576100
2023-08-08,177.81585693359375,178.28067155206236,175.62035408179838,177.7070702124542,67823000
2023-08-09,176.22357177734375,178.93332462049432,175.05658591895383,178.87398916997267,60378500
2023-08-10,176.0060272216797,178.7553475423464,175.64011515660735,177.49935830249015,54686900
2023-08-11,176.06546020507812,176.88741115774235,174.8374976677621,175.60003302807638,52036700
2023-08-14,177.71926879882812,177.94703359876078,175.59011444303226,176.24371615843643,43675600
2023-08-15,175.72872924804688,177.73903700795614,175.33261529851168,177.14486608365337,43622600
2023-08-16,174.8572998046875,176.80817714322055,174.78797154296882,175.41186545531423,46964900
2023-08-17,172.31222534179688,175.78817341312092,171.7972650350441,175.42176719468313,66062900
2023-08-18,172.7974853515625,173.4015690710498,170.29202708322546,170.62872552076746,61172200
2023-08-21,174.13436889648438,174.42156439236868,172.05474771785234,173.37184868637627,46311900
2023-08-22,175.51089477539062,175.95652682942284,174.54040484048784,175.34254555990208,42038900
2023-08-23,179.36312866210938,179.78896551377315,176.60019834939993,176.78835776449938,52722800
2023-08-24,174.66912841796875,179.3433458832632,174.30270712253693,178.91750900229638,54945800
2023-08-25,176.8774871826172,177.41224254469248,174.1145567754665,175.6594223889941,51449600
2023-08-28,178.4421844482422,178.83829845949455,176.81809282485807,178.34314839003864,43820700
2023-08-29,182.33404541015625,183.10647826164347,177.7588638881504,177.95692088146865,53003900
2023-08-30,185.82980346679688,186.027875570887,182.9480417259573,183.14609871926743,60813900
2023-08-31,186.04766845703125,187.28554353881972,185.66145203594442,186.0179606639307,60794500
2023-09-01,187.62225341796875,188.0777829772235,186.45369150574666,187.65196121049496,45766500
2023-09-05,187.85989379882812,188.1371765705135,185.79017057061324,186.45366971077303,45280000
2023-09-06,181.13577270507812,187.01815699545173,179.70973831822653,186.57250991647675,81755800
2023-09-07,175.83767700195312,176.4813811102254,171.8566665123906,173.48075801343515,112488800
2023-09-08,176.45166015625,178.4916910043361,176.06544373133067,176.62002446653017,65551300
2023-09-11,177.62020874023438,178.5510931586707,175.61979850768685,178.32332838951461,58953100
2023-09-12,174.58990478515625,178.38275585399316,173.12426491742679,177.7489644157226,90370200
2023-09-13,172.52020263671875,175.5802265952459,172.2924227134037,174.7978809836157,84267900
2023-09-14,174.03533935546875,174.39184798430878,171.89628758242847,172.31221179761187,60895800
2023-09-15,173.31239318847656,174.78794559113751,172.1339489112559,174.76813536061914,109259500
2023-09-18,176.24371337890625,177.64004017321716,174.46117014263496,174.76816076178545,67257600
2023-09-19,177.33303833007812,177.88760394386657,175.4118538031827,175.7980702206982,51826900
2023-09-20,173.78778076171875,177.95693597912128,173.69864226300012,177.52120149038592,58436200
2023-09-21,172.24288940429688,174.58991092023126,172.17357625479622,172.85688574257026,63149100
2023-09-22,173.0945587158203,175.36235454947433,172.36174626663464,172.97572753179696,56725400
2023-09-25,174.37203979492188,175.2534062611611,172.46075278406465,172.51027081019092,46172700
2023-09-26,170.29202270507812,173.50058556280408,169.99492963397503,173.12428177613603,64588900
2023-09-27,168.77682495117188,171.36150860467507,167.41022120055555,170.94558441007192,66921800
2023-09-28,169.03433227539062,170.36133082824708,165.9941036111019,167.69742105029528,56294400
2023-09-29,169.54925537109375,171.3912138204146,168.6876841683166,170.35139588582132,51861100
2023-10-02,172.06466674804688,172.60933490235544,169.27201281729148,169.55920834900985,52164500
2023-10-03,170.7277374267578,171.94581747397606,169.1630765091389,170.589096012129,49594600
2023-10-04,171.97549438476562,172.52016238398562,169.3115850792172,169.43041623876405,53020300
2023-10-05,173.21339416503906,173.74814957044222,171.00501406167223,172.1042477774046,48527900
2023-10-06,175.7683563232422,176.26350633418187,171.50015053588783,172.1141468247828,57266700
2023-10-09,177.2538299560547,177.31324554755352,174.0947700479303,175.0949677633166,42390800
2023-10-10,176.65963745117188,177.97673842144718,176.2239029815132,176.37245706568626,43698000
2023-10-11,178.05596923828125,178.10548726772782,175.87731193966172,176.4714829606774,47551100
2023-10-12,178.9571533203125,180.57133234869775,177.3033387116547,178.32336180549302,56743100
2023-10-13,177.1151885986328,180.16529977566205,176.41206884050376,179.6602521369707,51427100
2023-10-16,176.98641967773438,177.34292828713865,174.79784999846225,175.0355274416581,52517000
2023-10-17,175.43162536621094,176.6893104998048,173.10442961295,174.93647540456678,57549400
2023-10-18,174.13436889648438,175.85749653944856,173.4114540423014,173.87689630601963,54764400
2023-10-19,173.75807189941406,176.11497599372035,173.49068662646167,174.33243269200634,59302900
2023-10-20,171.2030792236328,173.71843472751576,170.96540176933075,173.60950111647477,64244000
2023-10-23,171.3218994140625,172.32209697076135,168.28167117128655,169.25217604772806,55980100
2023-10-24,171.7576446533203,171.98540943587548,169.78694209599936,171.3714282347356,43816600
2023-10-25,169.4403533935547,171.38133313025827,168.99470625930118,170.2127862637829,57157000
2023-10-26,165.27117919921875,169.71763198356828,164.06301189675906,168.71741923518283,70625300
2023-10-27,166.5882568359375,167.321084230187,165.21174052607998,165.2909663344403,58499100
2023-10-30,168.63818359375,169.5096524459554,167.23195938000526,167.38051344932887,51131000
2023-10-31,169.1135711669922,169.24229991901694,166.27139928771217,167.70734668146844,44846000
2023-11-01,172.28250122070312,172.53997379429074,168.46983997695696,169.34130885799144,56934900
2023-11-02,175.84759521484375,176.05554977286621,173.75806140886317,173.8174769968696,77334800
2023-11-03,174.93650817871094,175.10487249469713,171.66852990822986,172.5498964006483,79829200
2023-11-06,177.49147033691406,177.6895273209714,174.50077512285628,174.66912431484397,63841300
2023-11-07,180.05638122558594,180.67036248552094,177.23401974281032,177.4419743130807,70530000
2023-11-08,181.11598205566406,181.67054768588966,179.82858892219454,180.5812266581694,49340300
2023-11-09,180.64064025878906,182.3340449245472,180.04645416963677,181.18530832204868,53763500
2023-11-10,184.8351287841797,185.00371491529177,181.98922784820692,182.425536381392,66133400
2023-11-13,183.24855041503906,184.4682199516521,182.6635072771428,184.25999143916752,43627500
2023-11-14,185.86639404296875,186.53076740007103,184.7359652497266,186.12420582715117,60108400
2023-11-15,186.4315948486328,187.90909130382101,186.20353000343164,186.2729495954029,53790500
2023-11-16,188.11734008789062,189.35684600106327,187.06622636374277,187.9785160308428,54412900
2023-11-17,188.09750366210938,188.78171334674664,186.98691120628507,188.65279989002153,50922700
2023-11-20,189.84271240234375,190.29885721130628,188.28590092727276,188.29581152699646,46505100
2023-11-21,189.03948974609375,189.9121065870167,188.147051708375,189.80302948190132,38134500
2023-11-22,189.7039031982422,191.31029805901488,189.22793715258507,189.88239992204348,39617700
2023-11-24,188.3751678466797,189.29735306155973,187.66121116968733,189.26760612757576,24048300
2023-11-27,188.1966552734375,189.0692722786972,187.31412766791345,188.3255687303111,40552600
2023-11-28,188.80154418945312,189.47584330827428,187.80993940877178,188.18675406725092,38415400
2023-11-29,187.7801971435547,190.47736342450784,187.38356127369806,189.2973512852548,43014200
2023-11-30,188.35531616210938,188.7222202024886,186.61009727764167,188.2462390361622,48794400
2023-12-01,189.63449096679688,189.95179660734362,187.64135580786584,188.73212704562349,45704800
2023-12-04,187.83969116210938,188.454496430777,185.8763178825686,188.3850768316175,43389500
2023-12-05,191.7961883544922,192.76795676998717,188.58338352707358,188.61314558971708,66628400
2023-12-06,190.70542907714844,193.1249319103576,190.4971854261922,192.8175368647406,41089700
2023-12-07,192.63905334472656,193.3629205543118,191.96475426663108,192.0044269286476,47477700
2023-12-08,194.0669708251953,194.34461894265894,192.04408867717459,192.56963798027982,53406400
2023-12-11,191.5582275390625,191.8656377681948,189.81300836010843,191.48882306394165,60943700
2023-12-12,193.0753631591797,193.08527375940776,190.11045957675134,191.45904261144975,52696900
2023-12-13,196.29808044433594,196.33773797632358,193.214189106248,193.45216455954898,70404200
2023-12-14,196.44680786132812,197.94412551234106,194.51318172109634,196.3575670696298,66831600
2023-12-15,195.91134643554688,196.734365015635,195.34612449787411,195.87167377464695,128538400
2023-12-18,194.24545288085938,194.97924583916173,192.75804576345098,194.4437708037096,55751900
2023-12-19,195.2866668701172,195.29657747183754,194.24547872327412,194.51321627661997,40714100
2023-12-20,193.1943359375,196.0204001139627,193.1943359375,195.24694969676773,52242800
2023-12-21,193.0455780029297,195.42543814276274,191.8754918271264,194.4536698626075,46482500
2023-12-22,191.9746856689453,193.76948784569112,191.349969834571,193.54140785907617,37149600
2023-12-26,191.42930603027344,192.2622504150879,191.21115176796184,191.9846022868164,28919300
2023-12-27,191.52845764160156,191.8755253676685,189.48575421105227,190.87400998463178,48087700
2023-12-28,191.95484924316406,193.0257841884141,191.5482876644632,192.51014548202977,34049900
2023-12-29,190.9136505126953,192.76794644853246,190.1203637314106,192.27214410156537,42672100
2024-01-02,184.0814971923828,186.85799339797134,182.34618895522584,185.5788148528252,82488700
2024-01-03,182.7031707763672,184.31949132166326,181.8900476382689,182.6734238450404,58414500
2024-01-04,180.38282775878906,181.552914127362,179.36147605378457,180.62080322049852,71983600
2024-01-05,179.658935546875,181.2256728170181,178.65742022872922,180.46214807824285,62379700
2024-01-08,184.00216674804688,184.04183940945515,179.9762540642685,180.56129720920066,59144500
2024-01-09,183.58570861816406,183.59561921893004,181.19593746369003,182.37594957443397,42841800
2024-01-10,184.62689208984375,184.83512061558696,182.375945055311,182.80234296869347,46792900
2024-01-11,184.0319366455078,185.47968635384467,182.07847392125646,184.97395820724128,49128400
2024-01-12,184.35914611816406,185.17226924419936,183.63527891547233,184.49797017252533,40477800
2024-01-16,182.08840942382812,182.71311021096338,179.41106413640088,180.63074903602964,65603000
2024-01-17,181.14634704589844,181.39424823145328,178.786338048284,179.74819585869176,47317400
2024-01-18,187.04640197753906,187.55211493445296,184.26990575318283,184.52771753168435,78005800
2024-01-19,189.9517822265625,190.33850743054634,187.23479519933252,187.74050811817725,68903000
2024-01-22,192.26223754882812,193.69015075906108,190.64591702187175,190.68558968364889,60133900
2024-01-23,193.5413818359375,194.1066037302182,192.2027246817267,193.38273659657744,42355600
2024-01-24,192.8671112060547,194.73133285541883,192.70845082511164,193.7793857004472,53631300
2024-01-25,192.53988647460938,194.62226243680658,191.48878789336808,193.58107445570798,54822100
2024-01-26,190.80458068847656,193.1249321296598,190.3286146537771,192.63905549468925,44594000
2024-01-29,190.120361328125,190.5864167388377,187.98841731539085,190.39800942846193,47145600
2024-01-30,186.4613494873047,190.18979301004535,185.89614265093053,189.33701232459805,55859400
2024-01-31,182.8519287109375,185.52927391668564,182.80236057287416,185.46976491576893,55467800
2024-02-01,185.29127502441406,185.38051582576702,182.27680306565713,182.44537406733116,64885400
2024-02-02,184.2897491455078,185.75731994134992,177.74515173237538,178.35003123610636,102551700
2024-02-05,186.10438537597656,187.66121220628375,184.27983613833493,186.5704408518845,69668800
2024-02-06,187.71078491210938,187.72069551270494,185.2020260688322,185.291266866256,43490800
2024-02-07,187.81985473632812,189.4460858813363,187.02656792958788,189.03952431241242,53439000
2024-02-08,186.73902893066406,187.94877290356362,185.77717103468487,187.80003823127362,40962000
2024-02-09,187.50350952148438,188.63538073939827,186.65956394365634,187.30492339729363,45155200
2024-02-12,185.8156280517578,187.32479480430874,185.45819421957458,187.0765772861258,41781900
2024-02-13,183.72067260742188,184.88234393093236,182.20158259974826,184.4454786725173,56529500
2024-02-14,182.83702087402344,184.2071864451767,181.13922150541597,183.9986922104331,54630500
2024-02-15,182.54908752441406,183.17460050228618,180.05698915939104,182.2413002337134,65434500
2024-02-16,181.0101318359375,183.53203018346474,180.37469562592958,182.11221816970058,49752500
2024-02-20,180.26548767089844,181.12927978468986,178.7166127841021,180.49384354523508,53665600
2024-02-21,181.02008056640625,181.5860086349742,179.37191259479573,180.64278508736416,41371400
2024-02-22,183.05545043945312,183.64125529629035,181.15908011476066,182.17179668082835,52292200
2024-02-23,181.21864318847656,183.72066477086588,180.9307023940782,183.6908798817894,45119700
2024-02-26,179.8683319091797,181.45691481099774,179.36195851579282,180.94063332165365,40867400
2024-02-27,181.32785034179688,182.60864595739088,178.27973221361,179.80876047563007,54318900
2024-02-28,180.1265106201172,181.81438693718425,178.84571472275368,181.20873550664876,48953900
2024-02-29,179.4612579345703,181.26828866128915,178.2499552858893,179.97755459220346,136682600
2024-03-01,178.3790283203125,179.24282037465971,176.11528592616577,178.26981201401622,73563100
2024-03-04,173.8515625,175.63871657984365,172.55088992856452,174.89406399657693,81510100
2024-03-05,168.90704345703125,170.8133520831047,168.41060844555398,169.5424796657224,95132400
2024-03-06,167.91416931152344,170.01906401050476,167.47730408815008,169.8403395327639,68587700
2024-03-07,167.79501342773438,169.5126741160914,167.2886552317426,167.9439378530283,71765100
2024-03-08,169.5126953125,172.4615205019895,167.73546463179477,167.79503440936114,76267000
2024-03-11,171.51829528808594,173.13667826239134,170.8232893067872,171.7069430151515,60139500
2024-03-12,171.994873046875,172.7891721100731,169.79070034274764,171.91544162555573,59825400
2024-03-13,169.90985107421875,171.95516088785197,169.54247886546352,171.53815729817867,52488700
2024-03-14,171.76651000976562,173.06716728584055,170.82328653971078,171.67715534575908,72913500
2024-03-15,171.3892059326172,171.3892059326172,169.07581713096124,169.94954753501827,121752700
2024-03-18,172.48138427734375,176.44294118443133,172.282813299669,174.31819990832292,75604200
2024-03-19,174.82456970214844,175.350789645184,171.7963128554373,173.09697026746844,55215200
2024-03-20,177.39610290527344,177.39610290527344,173.84162605000233,174.467139074951,53423100
2024-03-21,170.1481170654297,176.22449141078243,169.62189720831483,175.7876262124245,106181300
2024-03-22,171.0516815185547,171.8161958354467,168.8475084023186,170.535384758446,71160100
2024-03-25,169.63186645507812,170.71409125238694,168.24183919385965,169.35386403283357,54288300
2024-03-26,168.50001525878906,170.19781488682668,168.37093727946544,168.78794096266762,57388400
2024-03-27,172.07431030273438,172.36225110852925,168.89712909220745,169.19499314475576,60273300
2024-03-28,170.25733947753906,171.00199196056712,169.29425438748996,170.52541861342735,65672700
2024-04-01,168.81768798828125,170.02899062252595,168.27160644825386,169.969420845431,46240500
2024-04-02,167.63616943359375,168.13260444031488,167.0305181193942,167.87446369081778,49329500
2024-04-03,168.44039916992188,169.46305411699578,167.37803608655156,167.5865303145986,47691700
2024-04-04,167.6163330078125,170.69422114433502,167.6163330078125,169.0758380772312,53704400
2024-04-05,168.3708953857422,169.1751176568126,167.74538244157907,168.38081863168355,42104800
2024-04-08,167.2489776611328,167.99363029110225,167.04048340873945,167.8248441796421,37425500
2024-04-09,168.46026611328125,168.86734648560252,167.1496854743383,167.49718091534808,42373800
2024-04-10,166.583740234375,167.88439761067826,165.91851910107465,167.59647195447172,49709300
2024-04-11,173.79196166992188,174.20898041040104,166.96102623293754,167.13973556457645,91070300
2024-04-12,175.29119873046875,177.08829097776882,172.96788660357228,173.0175179827845,101670900
2024-04-15,171.45870971679688,175.37061964403054,171.27006200710903,174.10967059769038,73531800
2024-04-16,168.17234802246094,172.52110890421707,167.0702615685236,170.52544539032877,73711200
2024-04-17,166.8021697998047,169.43326939438703,166.8021697998047,168.4006911997193,50901200
2024-04-18,165.8489990234375,167.4375970919546,165.36250241682455,166.83194578270678,43122900
2024-04-19,163.8235626220703,165.21357466916862,162.9101239696921,165.02494208062998,68149400
2024-04-22,164.65757751464844,166.06745127090076,163.5952143613438,164.33986695337822,48116400
2024-04-23,165.7100067138672,165.85894631264824,163.74412823991455,164.17107024309314,49537800
2024-04-24,167.81492614746094,168.09292859262322,165.02496329779848,165.35259713317066,48251800
2024-04-25,168.67869567871094,169.39356334150216,166.9510963019663,168.3212618473153,50558300
2024-04-26,168.09291076660156,170.11835910227322,167.97375605274175,168.66877724193844,44838400
2024-04-29,172.262939453125,174.77489926024026,171.86579752591055,172.13386150928326,68169400
2024-04-30,169.11557006835938,173.7423484830038,168.78792110938284,172.0941804408779,65934800
2024-05-01,168.09291076660156,171.47860143970507,167.90426302381934,168.37091318228207,50383100
2024-05-02,171.79629516601562,172.1835138606425,169.67155396857694,171.27999852318183,94214900
2024-05-03,182.07252502441406,185.66670996286234,181.35765733555206,185.31919936550048,163224100
2024-05-06,180.4144287109375,182.88666551151155,179.1336178251023,181.04986495546194,78569700
2024-05-07,181.09950256347656,183.5816778461448,180.02721617336002,182.14201921219635,77305800
2024-05-08,181.43707275390625,181.76472167822584,180.1562619452029,181.5462890620128,45057100
2024-05-09,183.25405883789062,183.3434135192828,180.81159149652714,181.25838005348476,48983000
2024-05-10,181.99136352539062,184.01955884653998,181.07668601424152,183.83065525294157,50759500
2024-05-13,185.20269775390625,186.01796278299403,183.5522942832241,184.36755931231187,72044800
2024-05-14,186.34605407714844,187.2110330394528,185.21264749222254,186.42559324440313,52393600
2024-05-15,188.62281799316406,189.54743236218252,186.2864023770235,186.82328796013638,70400000
2024-05-16,188.7421112060547,189.99483406684226,188.56315946625315,189.36847263644847,52845200
2024-05-17,188.7719268798828,189.70649303935699,188.08591490450098,188.4140082479681,41282900
2024-05-20,189.93516540527344,190.81008101901142,187.91690657220929,188.2350632210391,44361300
2024-05-21,191.23757934570312,191.61537135801854,189.81584164268895,189.98485665329835,42309400
2024-05-22,189.7959747314453,191.7048842739564,189.1696284842733,191.15806201805708,34648500
2024-05-23,185.79920959472656,189.89537727616252,185.55065543598812,189.8754886957117,51005900
2024-05-24,188.88128662109375,189.47782271626807,186.9525037733123,187.72800676525614,36327000
2024-05-28,188.8912353515625,191.88382214222983,188.00638309980087,190.40243380522858,52280100
2024-05-29,189.1894989013672,191.13817040866115,188.41401104911338,188.5134387924459,53068000
2024-05-30,190.1837158203125,191.06856812279528,189.52754429358754,189.6567821553814,49889100
2024-05-31,191.13815307617188,191.4563096895504,188.81168973037515,190.33284000805318,75158300
2024-06-03,192.90786743164062,193.86232215027837,191.40660565779223,191.7843976924141,50080500
2024-06-04,193.2260284423828,194.19041988861153,191.91365507081835,193.51434462038463,47471400
2024-06-05,194.7372283935547,195.76127042413225,193.74301165159252,194.269945311189,54156800
2024-06-06,193.35525512695312,195.36357706257476,193.04705038431933,194.55826398135935,41181800
2024-06-07,195.7513427734375,195.80105664694403,193.01724660656404,193.52429170702464,53103900
2024-06-10,192.0031280517578,196.15896182874013,191.03873662001607,195.76126603853862,97010200
2024-06-11,205.9519805908203,205.9619324668351,192.51018190883102,192.53005531977516,172373300
2024-06-12,211.8377685546875,218.92652361101457,205.7034379048798,206.17072098738436,198134300
2024-06-13,213.00100708007812,215.49648572091758,210.37627540407073,213.4981154669776,97862700
2024-06-14,211.26112365722656,213.92561727783075,210.07800329190465,212.61325905037393,70122700
2024-06-17,215.4169464111328,217.6837594401996,211.4897931914233,212.13602802573277,93728300
2024-06-18,213.05068969726562,217.36560169939582,211.76815683093403,216.33160783720555,79943300
2024-06-20,208.4673614501953,213.00100258632773,207.64217489543017,212.6927826496957,86172500
2024-06-21,206.2900390625,210.66458669732776,205.91223184266303,209.17326157128963,241805100
2024-06-24,206.936279296875,211.46990537136972,205.39524025887107,206.51871007112354,80727000
2024-06-25,207.86090087890625,210.15753911842552,207.40355450398363,207.94042486793816,55549700
2024-06-26,212.01670837402344,213.6173978459433,209.42180221570723,210.2768291728298,66213200
2024-06-27,212.86180114746094,214.49231592564604,211.12192192565487,213.44838535845383,49772700
2024-06-28,209.40191650390625,214.8204096554565,209.08377504858177,214.52214161134154,82542700
2024-07-01,215.49647521972656,216.25207446959737,210.6944066158183,210.86342163866271,60402900
2024-07-02,218.99610900878906,219.10547344874152,213.85601067210808,214.8999260337406,58046200
2024-07-03,220.26870727539062,220.26870727539062,217.76327700783267,218.7276683957665,37369800
2024-07-05,225.031005859375,225.14037030398515,220.36812707547224,220.36812707547224,60412400
2024-07-08,226.50245666503906,226.53228195249955,221.95887904834774,225.77666754871936,59085900
2024-07-09,227.35748291015625,228.07332019577044,225.0608446065374,226.6118203351868,48076100
2024-07-10,231.6326141357422,231.73204187894612,227.9241899064988,227.97390377810078,62627700
2024-07-11,226.25392150878906,231.04603853364384,224.46432825800636,230.0518217466028,64710600
2024-07-12,229.2067108154297,231.2945719488415,227.3574671508641,227.59608461971035,53046500
2024-07-15,233.04440307617188,235.8580383346859,231.7419815445035,235.11237576276483,62631300
2024-07-16,233.4619903564453,234.9036016458956,230.9863851256273,233.64094209406048,43234300
2024-07-17,227.5563201904297,230.12140106352723,225.3292693500046,228.12301581337556,57345900
2024-07-18,222.8834991455078,229.10730558155058,220.9845567217071,228.94822726389444,66034600
2024-07-19,223.01275634765625,225.4883615119168,221.9887143107171,223.5198165983548,49151500
2024-07-22,222.66481018066406,226.46271062110856,221.79983121381875,225.69715940648985,48201800
2024-07-23,223.70870971679688,225.6275559695254,221.3921828247117,223.07241159149987,39960300
2024-07-24,217.276123046875,223.4999296447353,215.8742889513949,222.70455320631825,61777600
2024-07-25,216.23220825195312,219.57277716709376,213.3787958392943,217.663867640833,51391200
2024-07-26,216.6995086669922,218.22065921535855,214.76077369662195,217.4352194179005,41601300
2024-07-29,216.97789001464844,218.0317574445205,214.50228460577418,215.70529366492985,36311800
2024-07-30,217.5346221923828,219.05577256608925,214.87011348402856,217.92236610782675,41643800
2024-07-31,220.795654296875,222.52559687691686,219.35404306544518,220.1593561933901,50036300
2024-08-01,217.09716796875,223.1817695634113,215.76492117798517,223.07240511518174,62501000
2024-08-02,218.58848571777344,224.29529507499745,216.45092586682142,217.88258518105536,105568600
2024-08-05,208.05975341796875,212.26528622278008,194.86649227009318,197.9386185328084,119548600
2024-08-06,206.0315399169922,208.77558795019922,199.90717605667754,204.11270880558044,69660500
2024-08-07,208.6065673828125,212.40446750854989,205.19639601521322,205.70344110024527,63516400
2024-08-08,212.07638549804688,212.9612378528938,207.62229843313003,211.87754516998305,47161100
2024-08-09,214.9894561767578,215.52632659839892,210.7441459978426,210.87339904235876,42201600
2024-08-12,216.5222930908203,218.49311650663688,214.60124108809114,215.0690650325273,38028100
2024-08-13,220.24496459960938,220.8620875715453,217.99542439436792,217.99542439436792,44155300
2024-08-14,220.69290161132812,221.99683071433236,218.6822548419691,219.548234966672,41960600
2024-08-15,223.6790008544922,224.3060872818483,221.72807374055304,223.55956160665437,46414000
2024-08-16,225.00283813476562,225.77922361016536,222.6139468974481,222.88270038911833,44340200
2024-08-19,224.8435821533203,224.94312498661264,222.0067784736323,224.6743714872065,40687800
2024-08-20,225.46067810058594,226.117624269924,224.405591022129,224.7241158999058,30299000
2024-08-21,225.35121154785156,226.92389412945442,224.00747444255492,225.4706659840429,34765500
2024-08-22,223.4898681640625,227.28221598709214,222.86278176595104,226.7347608131935,43695300
2024-08-23,225.78916931152344,227.16278137803022,223.29080225181497,224.61464290366072,38677300
2024-08-26,226.12759399414062,226.22713682494347,222.85284141893553,225.7095414433551,30602200
2024-08-27,226.97364807128906,227.78985670532606,223.84819475275475,224.95305327681544,35934600
2024-08-28,225.4407958984375,228.79517959293358,224.63453544627717,226.86416416696267,38052200
2024-08-29,228.7255096435547,231.8410150307569,227.8197366882459,229.03408635152135,51906300
2024-08-30,227.93917846679688,229.3326870197365,226.42621547495946,229.12366833084764,52990800
2024-09-03,221.738037109375,227.9391727978887,220.1454429272487,227.4912604304481,50190600
2024-09-04,219.82691955566406,220.75260404502964,216.47252073588626,220.6331648046219,43840200
2024-09-05,221.34982299804688,224.43545304440553,220.49380636570692,220.60329739500978,36615400
2024-09-06,219.7970733642578,224.19659618640478,218.75193438162455,222.9125635200513,48423000
2024-09-09,219.8866424560547,220.24497537072617,215.7061019102892,219.79706302441255,67180000
2024-09-10,219.09034729003906,220.45399594379384,215.72600018375593,217.905857501112,51591000
2024-09-11,221.62852478027344,222.05652550259597,216.88061769002928,220.4340868524661,44587100
2024-09-12,221.738037109375,222.51442259643306,218.8017058249269,221.46928361366915,37455600
2024-09-13,221.4692840576172,223.00214343080088,220.8820208371711,222.54428285449177,36766600
2024-09-16,215.3179168701172,216.21374159471785,212.92902562434276,215.5368837592455,59357400
2024-09-17,215.7857208251953,215.8952118613641,213.50633585708556,214.75054527350213,45519300
2024-09-18,219.66766357421875,221.67831024616868,216.5322467283196,216.54221012404864,59894900
2024-09-19,227.80975341796875,228.75536468744528,223.58940496515828,223.94773787040657,66781300
2024-09-20,227.1428680419922,232.01021467188832,226.56555305015522,228.90467282845125,318679900
2024-09-23,225.42088317871094,228.38707413181643,224.7639369712135,226.2868480598011,54146000
2024-09-24,226.3167266845703,228.2875654709032,224.68432442569429,227.59079599939528,43556100
2024-09-25,225.3213348388672,226.23707111110926,222.9822303399746,223.88800321688734,42308700
2024-09-26,226.4660186767578,227.44147457763864,224.36579263659118,226.24703661091274,36636700
2024-09-27,226.73475646972656,228.45675318264773,226.24703611440785,227.40166606122023,34026000
2024-09-30,231.920654296875,231.920654296875,228.58616671135624,228.9743594736852,54541900
2024-10-01,225.162109375,228.58616112900037,222.70355021092283,228.45677367012016,63285000
2024-10-02,225.7294464111328,226.31670960653594,221.98686997976517,224.84356992020335,32880600
2024-10-03,224.6245880126953,225.75930638603796,222.28548343692833,224.09704443839323,34044200
2024-10-04,225.74935913085938,226.9437971307691,223.09172964492672,226.8442543024003,37245100
2024-10-07,220.66302490234375,224.6444949275546,220.30469199255066,223.46000516495792,39505400
2024-10-08,224.72412109375,224.9331397600325,222.21579078164237,223.2609296773624,31855700
2024-10-09,228.47666931152344,228.68570318762718,223.78849648056692,224.1866374402548,33591100
2024-10-10,227.97898864746094,228.43686442668115,226.11765609380726,226.72483093793394,28183500
2024-10-11,226.49588012695312,228.34726430462075,226.28684626691359,228.23777327090536,31759200
2024-10-14,230.228515625,230.65651637799863,227.54102629778745,227.64055393917852,39882100
2024-10-15,232.76670837402344,236.3898456598821,231.29355345996072,232.52781469355565,64751400
2024-10-16,230.70626831054688,231.04468960128423,228.77525301100687,230.52710945831018,34082200
2024-10-17,231.07456970214844,232.76670668063704,229.4521309302649,232.348638945834,32993800
2024-10-18,233.91134643554688,235.08587271459402,232.92592721050605,235.08587271459402,46431500
2024-10-21,235.384521484375,235.75281781754072,233.36392650842956,233.36392650842956,36254500
2024-10-22,234.7674102783203,235.12574323334508,231.5225172658939,232.80653482833821,38846600
2024-10-23,229.6909942626953,234.05070868615385,226.70489182210235,232.99562158724072,52287000
2024-10-24,229.5019073486328,229.75074924052936,227.35190975750177,228.9146289407981,31109500
2024-10-25,230.3380126953125,232.13962556438537,228.5065400142299,228.6757506783198,38802300
2024-10-28,232.3187713623047,233.64261197661628,231.47271808946843,232.23915532682838,36087100
2024-10-29,232.5875244140625,233.2444706163013,231.24378738741356,232.0201728307493,35417200
2024-10-30,229.03407287597656,232.38845656475567,228.48661770128336,231.5324398883544,47070900
2024-10-31,224.8634796142578,228.76531846185907,224.32597264925337,228.27758291037028,64370100
2024-11-01,221.87738037109375,224.30607958110733,219.2496106921502,219.9463649274566,65276700
2024-11-04,220.98153686523438,221.75792231303782,218.69220372782075,219.96627293386246,44944500
2024-11-05,222.4148712158203,222.91255498009295,220.11557465497725,220.7725208689619,28111300
2024-11-06,221.68826293945312,225.02275032206146,220.16535179621147,221.5787719009408,54561100
2024-11-07,226.4261932373047,226.82434934768688,223.52968537330023,223.5894049928319,42137700
2024-11-08,226.15716552734375,227.8511489598711,225.60910803907555,226.366414165256,38328800
2024-11-11,223.4368133544922,224.90161465065876,220.7164746065314,224.20409384410638,42005600
2024-11-12,223.4368133544922,224.79200315214243,222.5698957238352,223.75568869738083,40398300
2024-11-13,224.3236541748047,225.84824072641777,221.97200184604,223.2175800878685,48566200
2024-11-14,227.4127197265625,228.06041440281584,224.204108600429,224.2240421118748,44923900
2024-11-15,224.2041015625,226.11730807125568,223.47668806811174,225.59914322363005,47923700
2024-11-18,227.2134246826172,228.9273417095955,224.37349996104592,224.4532188000698,44633700
2024-11-19,227.47247314453125,229.3458276324582,225.8582086546099,226.17706876893948,36211800
2024-11-20,228.18995666503906,229.1166596710885,225.09095708205055,227.25327930098,35169600
2024-11-21,227.71165466308594,229.3458528412815,224.91159698015457,228.07038183414417,42108300
2024-11-22,229.05685424804688,229.9038535446,227.2532593649619,227.2532593649619,38168300
2024-11-25,232.04624938964844,232.42491005721112,228.92733167542056,230.64124862727573,90152800
2024-11-26,234.228515625,234.73672132395913,232.50463944229026,232.50463944229026,45986200
2024-11-27,234.0989532470703,234.85627456038557,232.98291999142185,233.6405889619916,33498400
2024-11-29,236.49049377441406,236.96879161176938,233.14237850329877,233.97940351987407,28481400
2024-12-02,238.7424774169922,239.93822952974793,236.32108052902282,236.4306920263062,48137100
2024-12-03,241.79165649414062,241.90126799408412,238.05492154808562,238.96170621081686,38861000
2024-12-04,242.150390625,243.2465056559754,240.3966217802532,242.01088645785893,44383900
2024-12-05,242.18028259277344,243.67497660990782,241.27351311137042,243.1269343008096,40033900
2024-12-06,241.98098754882812,243.7646642163996,241.22368140458013,242.05074723300527,36870600
2024-12-09,245.8771514892578,246.36542364679892,240.89483838917155,240.97455722335047,44649200
2024-12-10,246.89353942871094,247.33198539974384,244.4721274358929,246.01664748664516,36914800
2024-12-11,245.6180877685547,249.91283942191654,245.38889040813984,247.08288910248365,45205800
2024-12-12,247.08287048339844,247.8601100871407,244.81092178998352,246.0166482138882,32777500
2024-12-13,247.25228881835938,248.4081739675946,245.36897496771653,246.94338782137353,33155300
2024-12-16,250.15196228027344,250.49077111704125,246.7739547032778,247.11276354004562,51694800
2024-12-17,252.58334350585938,252.93211150871377,248.89643481128522,249.1953766416157,51356400
2024-12-18,247.1725616455078,253.38051965426092,246.86366065893745,251.26802371656945,56774100
2024-12-19,248.90638732910156,251.10857637552834,246.21594133746913,246.62449465453676,60882300
2024-12-20,253.5897674560547,254.0979578981185,244.82089371115717,247.16257165125242,147495300
2024-12-23,254.36700439453125,254.74564983170012,252.55343521958227,253.86877310974026,40858800
2024-12-24,257.28668212890625,257.2966260773909,254.386956808638,254.58626151312842,23234700
2024-12-26,258.1037292480469,259.1799258751944,256.7186620602343,257.27667867815336,27237100
2024-12-27,254.6858673095703,257.78488174803636,252.16481819720389,256.91793375888693,42355300
2024-12-30,251.30787658691406,252.60328106925755,249.86300878941353,251.33776924994547,35557500
